Unidade;Cidade
Sala do Empreendedor e da Cidadania;Agudo
Sala do Empreendedor - Ajuricaba;Ajuricaba
Casa do Empreendedor - Alegrete;Alegrete
Sala do Empreendedor - Alvorada;Alvorada
Sala do Empreendedor - Antônio Prado;Antônio Prado
Sala do Empreendedor - Arroio do Padre;Arroio Do Padre
Sala do Empreendedor - Arroio dos Ratos;Arroio Dos Ratos
Sala do Empreendedor -  Arroio Grande;Arroio Grande
Sala do Empreendedor - Augusto Pestana;Augusto Pestana
Casa do Empreendedor - Bagé;Bagé
Sala do Empreendedor - Balneário Pinhal;Balneário Pinhal
Sala do Empreendedor - Barão;Barão
Sala do Empreendedor - Barra do Ribeiro;Barra Do Ribeiro
Sala do Empreendedor -  Bento Gonçalves;Bento Gonçalves
Sala do Empreendedor - Boa Vista do Buricá;Boa Vista Do Buricá
Sala do Empreendedor - Hortêncio Dutra de Bom Jesus;Bom Jesus
Sala do Empreendedor - Brochier;Brochier
Núcleo do Empreendedor - Caçapava do Sul;Caçapava Do Sul
Sala do Empreendedor - Camaquã;Camaquã
Sala do Empreendedor - Campina das Missões;Campina Das Missões
Sala do Empreendedor - Campo Bom;Campo Bom
Sala do Empreendedor - Cândido Godoi;Cândido Godói
Sala do Empreendedor - Candiota;Candiota
Sala do Empreendedor - Canguçu;Canguçu
Sala do Empreendedor - Canoas;Canoas
Agência de Atendimento em Canoas;Canoas
Sala do Empreendedor - Capão da Canoa;Capão Da Canoa
Sala do Empreendedor - Capão do Leão;Capão Do Leão
Sala do Empreendedor - Capivari do Sul;Capivari Do Sul
Sala do Empreendedor - Carazinho;Carazinho
Sala do Empreendedor - Catuípe;Catuípe
Sala do Empreendedor -  Caxias do Sul;Caxias Do Sul
Agência de Atendimento em Caxias do Sul;Caxias Do Sul
Sala do Empreendedor - Cerro Largo;Cerro Largo
Sala do Empreendedor - Charqueadas;Charqueadas
Sala 1 - Chiapetta;Chiapetta
Sala do Empreendedor - Cidreira;Cidreira
Sala do Empreendedor - Colorado;Colorado
Sala do Empreendedor - Condor;Condor
Sala do Empreendedor - Coronel Barros;Coronel Barros
Sala do Empreendedor - Coronel Bicaco;Coronel Bicaco
Sala do Empreendedor - Crissiumal;Crissiumal
Sala do Empreendedor -  Cristal;Cristal
Sala do Empreendedor - Cruz Alta;Cruz Alta
Sala do Empreendedor - Dois Irmãos;Dois Irmãos
Sala do Empreendedor - Dom Feliciano;Dom Feliciano
Sala do Empreendedor - Erechim;Erechim
Agência de Atendimento em Erechim;Erechim
Espaço do Empreendedor - Estância Velha;Estância Velha
Escritório do Empreendedor - Esteio;Esteio
Sala do Empreendedor -  Farroupilha;Farroupilha
Sala do Empreendedor - Feliz;Feliz
Sala do Empreendedor - Flores da Cunha;Flores Da Cunha
Sala do Empreendedor - Frederico Westphalen;Frederico Westphalen
Sala do Empreendedor - Garibaldi;Garibaldi
Central do Empreendedor - General Câmara;General Câmara
Sala do Empreendedor - Giruá;Giruá
Sala do Empreendedor - Glorinha;Glorinha
Sala do Empreendedor - Gramado;Gramado
Agência de Atendimento em Gravataí;Gravataí
Sala do Empreendedor - Gravataí;Gravataí
Sala Berço da Revolução Farroupilha - Guaiba;Guaíba
Sala do Empreendedor - Harmonia;Harmonia
Sala do Empreendedor - Horizontina;Horizontina
Sala do Empreendedor - Hulha Negra;Hulha Negra
Sala do Empreendedor - Humaitá;Humaitá
Sala de Empreendedor - Ibirubá;Ibirubá
Sala do Empreendedor -  Igrejinha;Igrejinha
Agência de Atendimento em Ijuí;Ijuí
Sala do Empreendedor - Ijuí;Ijuí
Sala do Empreendedor -  Ivoti;Ivoti
Sala do Empreendedor - Jaguarão;Jaguarão
Sala do Empreendedor - Jóia;Jóia
Sala do Empreendedor - Lagoa Vermelha;Lagoa Vermelha
Central do Empreendedor - Lajeado;Lajeado
Agência de Atendimento em Lajeado;Lajeado
Sala do Empreendedor - Lavras do Sul;Lavras Do Sul
Balcão do Empreendedor - Mampituba;Mampituba
Sala do Empreendedor - Marau;Marau
Sala do Empreendedor - Montenegro;Montenegro
Sala do Empreendedor - Não Me Toque;Não-me-toque
Sala do Empreendedor - Nova Esperança do Sul;Nova Esperança Do Sul
Sala do Empreendedor - Nova Santa Rita;Nova Santa Rita
Sala do Empreendedor - Novo Hamburgo;Novo Hamburgo
Agência de Atendimento em Novo Hamburgo;Novo Hamburgo
Sala do Empreendedor - Palmeira das Missões;Palmeira Das Missões
Sala do Empreendedor -  Panambi;Panambi
Sala do Empreendedor - Parobé;Parobé
Agência de Atendimento em Passo Fundo;Passo Fundo
Sala do Empreendedor -  Pejuçara;Pejuçara
Sala do Empreendedor - Pelotas;Pelotas
Agência de Atendimento em Pelotas;Pelotas
Sala do Empreendedor - Portão;Portão
Sala do Empreendedor -  Porto Alegre;Porto Alegre
Agência de Atendimento em Porto Alegre;Porto Alegre
Ouvidoria;Porto Alegre
Sala do Empreendedor - Porto Lucena;Porto Lucena
Sala do Empreendedor - Porto Mauá;Porto Mauá
Sala do Empreendedor - Porto Vera Cruz;Porto Vera Cruz
Sala do Empreendedor - Quaraí;Quaraí
Sala do Empreendedor -  Redentora;Redentora
Estação do Empreendedor - Restinga Sêca;Restinga Seca
Sala do Empreendedor -  Rio Grande;Rio Grande
Sala do Empreendedor - Rio Pardo;Rio Pardo
Sala do Empreendedor - Rolador;Rolador
Recanto do Empreendedor - Rosário do Sul;Rosário Do Sul
Sala do Empreendedor - Saldanha Marinho;Saldanha Marinho
Sala do Empreendedor -  Sananduva;Sananduva
Espaço Empreendedor - Santana do Livramento;Sant'ana Do Livramento
Agência de Atendimento em Santana do Livramento;Sant'ana Do Livramento
Sala do Empreendedor - Santa Bárbara do Sul;Santa Bárbara Do Sul
Sala de Negócios - Santa Clara do Sul;Santa Clara Do Sul
Agência de Atendimento em Santa Cruz do Sul;Santa Cruz Do Sul
Poupa Tempo - Santa Maria;Santa Maria
Agência de Atendimento em Santa Maria;Santa Maria
Sala do Empreendedor -  Santa Rosa;Santa Rosa
Sala do Empreendedor - Santa Vitória do Palmar;Santa Vitória Do Palmar
Sala do Empreendedor - Santiago;Santiago
Sala do Empreendedor -  Santo Ângelo;Santo Ângelo
Sala do Empreendedor - Santo Antonio da Patrulha;Santo Antônio Da Patrulha
Sala do Empreendedor - Santo Antonio das Missões;Santo Antônio Das Missões
Sala do Empreendedor -  Santo Augusto;Santo Augusto
Sala do Empreendedor - São Borja;São Borja
Sala do Empreendedor - São Francisco de Assis;São Francisco De Assis
Sala do Empreendedor - São Francisco de Paula;São Francisco De Paula
Sala do Empreendedor - Otélio Drebes;São Jerônimo
Sala do Empreendedor - São José do Norte;São José Do Norte
Sala do Empreendedor - São Leopoldo;São Leopoldo
Agência de Atendimento em São Leopoldo;São Leopoldo
Sala do Empreendedor -  São Lourenço do Sul;São Lourenço Do Sul
Sala do Empreendedor - São Luiz Gonzaga;São Luiz Gonzaga
Sala do Empreendedor - São Marcos;São Marcos
Sala do Empreendedor - São Paulo das Missões;São Paulo Das Missões
Sala do Empreendedor - São Pedro do Butiá;São Pedro Do Butiá
Sala do Empreendedor - Casa da Cidadania;São Sebastião Do Caí
Sala do Empreendedor - São Sepé;São Sepé
Sala do Empreendedor - São Vendelino;São Vendelino
Sala do Empreendedor - São Vandelino;São Vendelino
Sala do Empreendedor -  Sapiranga;Sapiranga
Sala do Empreendedor - Sapucaia do Sul;Sapucaia Do Sul
Sala do Empreendedor - Sarandi;Sarandi
Sala do Empreendedor - Silveira Martins;Silveira Martins
Sala do Empreendedor - Soledade;Soledade
Sala do Empreendedor - Tapejara;Tapejara
Sala do Empreendedor - Tapera;Tapera
Sala do Empreendedor -  Tapes;Tapes
Sala do Empreendedor - Taquara;Taquara
Sala do Empreendedor - Taquari;Taquari
Sala do Empreendedor -  Tavares;Tavares
Sala do Empreendedor - Tenente Portela;Tenente Portela
Sala do Empreendedor - Teutônia;Teutônia
Sala do Empreendedor - Torres;Torres
Sala do Empreendedor - Tramandai;Tramandaí
Sala do Empreendedor - Travesseiro;Travesseiro
Sala do Empreendedor - Três de Maio;Três De Maio
Sala do Empreendedor -  Três Passos;Três Passos
Espaço Mais Empreendedor - Triunfo;Triunfo
Sala do Empreendedor - Tupanciretã;Tupanciretã
Sala do Empreendedor - Tuparendi;Tuparendi
Sala do Empreendedor - Unistalda;Unistalda
Sala do Empreendedor - Uruguaiana;Uruguaiana
Sala do Empreendedor -  Vacaria;Vacaria
Sala do Empreendedor - Vale Real;Vale Real
Central do Empreendedor - Venâncio Aires;Venâncio Aires
Sala do Empreendedor - Viamão;Viamão
Sala do Empreendedor - Vitória das Missões;Vitória Das Missões
