Ecossistema;Startup
Central;4SC
Central;Abbraccio Mercatto
Central;AGROBI
Central;AgroCloud
Central;Agroclube
Central;AgroKapital
Central;AI Managers
Central;Aliagro
Central;Alloy
Central;Any3 Gestão
Central;Aproveita+
Central;Arbosana
Central;Arion Mais
Central;Auftek
Central;Auster
Central;B2 Inteligência em Cobrança
Central;Banco tuo
Central;BeeWise
Central;Benkin Solutions
Central;Biodos
Central;Bionfarm
Central;Bio'on
Central;BL2 LGPD
Central;Buena Onda Agroflorestal
Central;C&G Soluções Ambientais
Central;Chartei
Central;Chat On Cloud
Central;Ciclano
Central;Clube Pet
Central;Colina Desenvolvimento Infantil
Central;Connect Sust
Central;ConnectSust
Central;ConsignadoAPP
Central;ContDigital
Central;Contrata Aí
Central;Cota Agro
Central;Cowmed
Central;Crops Team
Central;Defii
Central;DeliveryVip
Central;designMidia
Central;Diferencial AGR (+SOJA)
Central;Dois Atitude Criativa
Central;Drones for Agro
Central;Eco Bio Microalgas
Central;Ecos Certificado Digital
Central;egestor
Central;Engesa
Central;E-tics
Central;Farm 360
Central;Financeiramente Tecnologia
Central;FoxIoT
Central;G2W Sistema
Central;Geração F5
Central;GestFair
Central;Get Commerce
Central;GROWTH4STARTUPS
Central;GRUPO PARVIN | FARMCONT
Central;Hórus
Central;Imgnation
Central;IMPARE
Central;Inocular
Central;Instabov
Central;Inverse VR
Central;Kreska
Central;Laft21
Central;Lauduz
Central;Licitação Express
Central;Lunix Tecnologias
Central;Lupora
Central;MatchPal
Central;Mega Prosulutions Ltda
Central;Megaged
Central;Mobart
Central;Modum do Brasil
Central;MotorHub
Central;NanoCosmétics
Central;Narrative
Central;Nekto
Central;OLIVE PLUS
Central;Olive+
Central;OneBio
Central;Outsider. Beyond Marketing
Central;PEÃO DIGITAL
Central;Pegadas
Central;Performance Vegetal
Central;Platformed
Central;PREVLAW
Central;Privacidade Oculta
Central;Qiron Education
Central;QP Mudas
Central;Quero Chef
Central;Rede Sina Ensina
Central;Sabor IFF
Central;Simplimed
Central;Sky Plus & Tangerina
Central;SmartCoop
Central;Societário Digital Tecnologia
Central;Softaliza
Central;Solwatech
Central;Somar
Central;Spray Solution
Central;Studio Box
Central;Taking Care
Central;Tangerina
Central;Terafox Studio
Central;Three.io
Central;Tuo (Banco Tuo)
Central;UANGOO
Central;Uni Freela
Central;VDATA
Central;Verden
Central;Verum Biotecnologia
Central;W3 Special Ingredients
Central;Warp Tecnologias
Central;WeeCaps
Central;Yourcode Solucoes Web & Mobile
Central;Zeit
Central;Zibber
Central;Zorya
Central;Zummer
Fronteira Oeste e Campanha;2Day IT Solutions
Fronteira Oeste e Campanha;Agendei Tecnologias e Cia Ltda
Fronteira Oeste e Campanha;AGmais
Fronteira Oeste e Campanha;Agroteams - Escola do Campo
Fronteira Oeste e Campanha;Alerta.AÍ
Fronteira Oeste e Campanha;Aprogend
Fronteira Oeste e Campanha;Arnstronic
Fronteira Oeste e Campanha;Beleza TI
Fronteira Oeste e Campanha;Bíblia-IA: Inteligência Abençoada
Fronteira Oeste e Campanha;Bientech
Fronteira Oeste e Campanha;BioData - Ciência de Dados
Fronteira Oeste e Campanha;BioFact74
Fronteira Oeste e Campanha;Capataz Gestão da Pecuária Sustentável
Fronteira Oeste e Campanha;Cardial
Fronteira Oeste e Campanha;Cloud Tickets
Fronteira Oeste e Campanha;CSC Agrotech
Fronteira Oeste e Campanha;DEv Pampa
Fronteira Oeste e Campanha;Easy Mecânicas
Fronteira Oeste e Campanha;IA4AGRO
Fronteira Oeste e Campanha;Imobi-k - Kabongo Grupo
Fronteira Oeste e Campanha;Ípsillon
Fronteira Oeste e Campanha;MedBe
Fronteira Oeste e Campanha;Menú
Fronteira Oeste e Campanha;Mind City
Fronteira Oeste e Campanha;Ótimo
Fronteira Oeste e Campanha;ProbY: Plataforma Global de Problemas Globais
Fronteira Oeste e Campanha;ProsperSync
Fronteira Oeste e Campanha;Reufy Serviços de Saúde Ltda
Fronteira Oeste e Campanha;SafraMeta Agrometeorologia
Fronteira Oeste e Campanha;Social Eats
Fronteira Oeste e Campanha;Soltech Soluções Financeiras para Energia Solar
Fronteira Oeste e Campanha;STARBIO AGRO
Fronteira Oeste e Campanha;Vagas na Cidade
Fronteira Oeste e Campanha;Venda ERP Serviços de Desenvolvimento de Software e Consultoria em Gestão Empresarial Ltda
Fronteira Oeste e Campanha;Work far away
Metropolitana e Litoral Norte;!nsect Protein
Metropolitana e Litoral Norte;21 MOBILE
Metropolitana e Litoral Norte;3035tech
Metropolitana e Litoral Norte;3D Protos
Metropolitana e Litoral Norte;3S
Metropolitana e Litoral Norte;4.eSG Solutions
Metropolitana e Litoral Norte;404 DIGITAL
Metropolitana e Litoral Norte;46graus
Metropolitana e Litoral Norte;4all
Metropolitana e Litoral Norte;4Cast Software
Metropolitana e Litoral Norte;4lugo
Metropolitana e Litoral Norte;4show - Full Live Commerce
Metropolitana e Litoral Norte;99% RECICLADO
Metropolitana e Litoral Norte;Abalô Conexões Plurais
Metropolitana e Litoral Norte;academicum.ai
Metropolitana e Litoral Norte;ACAO WEB SITES E MARKETING DIGITAL
Metropolitana e Litoral Norte;AceleraDR
Metropolitana e Litoral Norte;ACID
Metropolitana e Litoral Norte;ACTGene Análises Moleculares Ltda.
Metropolitana e Litoral Norte;Adapte
Metropolitana e Litoral Norte;aDoc
Metropolitana e Litoral Norte;AdTools
Metropolitana e Litoral Norte;Aegis Lanternas Táticas
Metropolitana e Litoral Norte;AEGRO INFORMATICA LIMITADA
Metropolitana e Litoral Norte;Agidesk
Metropolitana e Litoral Norte;AGIL MED
Metropolitana e Litoral Norte;AgilizAI
Metropolitana e Litoral Norte;Agimob
Metropolitana e Litoral Norte;Agrega Pesquisa e Desenvolvimento em Biotecnologia
Metropolitana e Litoral Norte;AGRIGOLDEN
Metropolitana e Litoral Norte;AgroKAIZEN
Metropolitana e Litoral Norte;AGROPAGO
Metropolitana e Litoral Norte;AgroSimples Tecnologia
Metropolitana e Litoral Norte;Águia Assessoria Comercial
Metropolitana e Litoral Norte;Aidron
Metropolitana e Litoral Norte;AIO
Metropolitana e Litoral Norte;AIOHUB 
Metropolitana e Litoral Norte;AIORIA SOFTWARE HOUSE
Metropolitana e Litoral Norte;AIR ROBOTICS LOCACAO DE DRONES LTDA
Metropolitana e Litoral Norte;Airgo
Metropolitana e Litoral Norte;AIRLOCKER
Metropolitana e Litoral Norte;Akademus Redação
Metropolitana e Litoral Norte;Alana AI
Metropolitana e Litoral Norte;ALERTACAR
Metropolitana e Litoral Norte;ALFABETIZE-SE EDUCACAO EM SAUDE
Metropolitana e Litoral Norte;ALL PROTEIN
Metropolitana e Litoral Norte;Allexo
Metropolitana e Litoral Norte;ALLTO DIGITAL
Metropolitana e Litoral Norte;ALORA
Metropolitana e Litoral Norte;Alostérica Biotecnologia Ltda.
Metropolitana e Litoral Norte;Alright AdTech Company
Metropolitana e Litoral Norte;Altervision
Metropolitana e Litoral Norte;ALVO DIGITAL
Metropolitana e Litoral Norte;Ambiotec - Meio Ambiente e Tecnologia
Metropolitana e Litoral Norte;Amparo App
Metropolitana e Litoral Norte;AnaLu
Metropolitana e Litoral Norte;Anexo Tecnologia
Metropolitana e Litoral Norte;Anima Pocket
Metropolitana e Litoral Norte;APC INOVA
Metropolitana e Litoral Norte;APOIA.se
Metropolitana e Litoral Norte;APPMAX
Metropolitana e Litoral Norte;APRIX INDUSTRY SOLUTIONS
Metropolitana e Litoral Norte;AquaDrones
Metropolitana e Litoral Norte;Arborea Biotech Ltda.
Metropolitana e Litoral Norte;ARBRA
Metropolitana e Litoral Norte;ARCO - ACOES PARA RECICLAGEM E COMPOSTAGEM
Metropolitana e Litoral Norte;Argos
Metropolitana e Litoral Norte;Arla Marketing
Metropolitana e Litoral Norte;Arpac
Metropolitana e Litoral Norte;Arquitetos Voluntários
Metropolitana e Litoral Norte;Artpsy
Metropolitana e Litoral Norte;Aschei Soluções Sustentáveis
Metropolitana e Litoral Norte;Astrobranding
Metropolitana e Litoral Norte;Atendo
Metropolitana e Litoral Norte;Aulalivre
Metropolitana e Litoral Norte;Auratech
Metropolitana e Litoral Norte;Aurea Tecnologia
Metropolitana e Litoral Norte;Autfit
Metropolitana e Litoral Norte;Autoridade Fitness
Metropolitana e Litoral Norte;Avant Solar
Metropolitana e Litoral Norte;AVELA PUBLIC AFFAIRS
Metropolitana e Litoral Norte;AVIWA
Metropolitana e Litoral Norte;Avus
Metropolitana e Litoral Norte;AYGA
Metropolitana e Litoral Norte;AZ.LEADS
Metropolitana e Litoral Norte;AZAPE
Metropolitana e Litoral Norte;AZZI
Metropolitana e Litoral Norte;B2B RESERV@S
Metropolitana e Litoral Norte;Baby Click
Metropolitana e Litoral Norte;Baby On
Metropolitana e Litoral Norte;Bae
Metropolitana e Litoral Norte;BANKBOOK
Metropolitana e Litoral Norte;Barriguinha Saudável
Metropolitana e Litoral Norte;BarumTech
Metropolitana e Litoral Norte;Base Agro Soluções com Drones
Metropolitana e Litoral Norte;Basic
Metropolitana e Litoral Norte;Bazk
Metropolitana e Litoral Norte;BE220
Metropolitana e Litoral Norte;Beasybox
Metropolitana e Litoral Norte;BEE FREE APP
Metropolitana e Litoral Norte;Bee Touch
Metropolitana e Litoral Norte;BEEFLOW
Metropolitana e Litoral Norte;beeIT
Metropolitana e Litoral Norte;Beemob
Metropolitana e Litoral Norte;Befer Agroindustrial e Comercial Ltda.
Metropolitana e Litoral Norte;Bem na Venda
Metropolitana e Litoral Norte;BEMP
Metropolitana e Litoral Norte;Bertic
Metropolitana e Litoral Norte;BESTLINK
Metropolitana e Litoral Norte;Beyond Domotics
Metropolitana e Litoral Norte;Biblioteca Católica
Metropolitana e Litoral Norte;Bio Ativado Solucoes Ambientais
Metropolitana e Litoral Norte;BIO ATIVADO SOLUCOES EM EFLUENTES
Metropolitana e Litoral Norte;Bioaddera
Metropolitana e Litoral Norte;BioAIQ
Metropolitana e Litoral Norte;Bioin
Metropolitana e Litoral Norte;Bioplix PD&I - Soluções em Transformação Ltda.
Metropolitana e Litoral Norte;BioSens
Metropolitana e Litoral Norte;BIOSETA SAUDE AMBIENTAL
Metropolitana e Litoral Norte;BIOSYS GERENCIAMENTO DE RESÍDUOS
Metropolitana e Litoral Norte;Biscoint.io
Metropolitana e Litoral Norte;Blaxp
Metropolitana e Litoral Norte;Blix
Metropolitana e Litoral Norte;Bmodal Innovative
Metropolitana e Litoral Norte;BOREO
Metropolitana e Litoral Norte;Brainex
Metropolitana e Litoral Norte;BrewInBox
Metropolitana e Litoral Norte;Broto Club
Metropolitana e Litoral Norte;Bulzai
Metropolitana e Litoral Norte;By Keller
Metropolitana e Litoral Norte;ByCrop
Metropolitana e Litoral Norte;ByJobs
Metropolitana e Litoral Norte;C3 Conciliar
Metropolitana e Litoral Norte;Cadastrapet
Metropolitana e Litoral Norte;CADE MEU FEEDBACK
Metropolitana e Litoral Norte;Cailun
Metropolitana e Litoral Norte;Cange
Metropolitana e Litoral Norte;Cap Rate
Metropolitana e Litoral Norte;Capittalx
Metropolitana e Litoral Norte;CardioBreath Respiração & Saúde
Metropolitana e Litoral Norte;CARE INTELLIGENCE
Metropolitana e Litoral Norte;CargoBank
Metropolitana e Litoral Norte;Carimbado
Metropolitana e Litoral Norte;Catalina
Metropolitana e Litoral Norte;Cedro Grande
Metropolitana e Litoral Norte;CELLVA INGREDIENTS LTDA
Metropolitana e Litoral Norte;Central do Boi
Metropolitana e Litoral Norte;Cenun.Corp
Metropolitana e Litoral Norte;Céu de Memórias
Metropolitana e Litoral Norte;CHARTPAY
Metropolitana e Litoral Norte;Chopp Fácil
Metropolitana e Litoral Norte;Ci Inspire e Captalent
Metropolitana e Litoral Norte;Ciclo Gestão de Resíduos
Metropolitana e Litoral Norte;Cíngulo
Metropolitana e Litoral Norte;CLICK ONLINE
Metropolitana e Litoral Norte;CLINIA
Metropolitana e Litoral Norte;Clinica total
Metropolitana e Litoral Norte;CLUBE SHARE
Metropolitana e Litoral Norte;CODEX REMOTE
Metropolitana e Litoral Norte;Codifica Edu
Metropolitana e Litoral Norte;Coera sustentabilidade
Metropolitana e Litoral Norte;CogniApp
Metropolitana e Litoral Norte;Cognitiva Brasil
Metropolitana e Litoral Norte;ColdTag Solutions
Metropolitana e Litoral Norte;Coligo Tecnologia
Metropolitana e Litoral Norte;Colocker
Metropolitana e Litoral Norte;Compliance Bpo Gestao Financeira
Metropolitana e Litoral Norte;Concede
Metropolitana e Litoral Norte;CONCEPTU PROTOTIPOS E SISTEMAS
Metropolitana e Litoral Norte;ConnectBe
Metropolitana e Litoral Norte;ConnectBio Soluções Biotecnológicas Ltda
Metropolitana e Litoral Norte;ConnectFarm
Metropolitana e Litoral Norte;Constituir Saberes
Metropolitana e Litoral Norte;CONSTRUCT-IN
Metropolitana e Litoral Norte;Consultório Integrado Damaris Lima
Metropolitana e Litoral Norte;Consultório Online
Metropolitana e Litoral Norte;ContaÁgil
Metropolitana e Litoral Norte;Conversas Sustentáveis
Metropolitana e Litoral Norte;Conviver Health
Metropolitana e Litoral Norte;Cookbox
Metropolitana e Litoral Norte;Cool Tea Company
Metropolitana e Litoral Norte;Coopera RS
Metropolitana e Litoral Norte;Cope Soluções
Metropolitana e Litoral Norte;Creatus
Metropolitana e Litoral Norte;Criatecno
Metropolitana e Litoral Norte;Criativando
Metropolitana e Litoral Norte;Cripto Host
Metropolitana e Litoral Norte;CRISTIANO FORTES ZANIN (Catavento)
Metropolitana e Litoral Norte;CRM PIPERUN
Metropolitana e Litoral Norte;CTA SMART
Metropolitana e Litoral Norte;CUBIC
Metropolitana e Litoral Norte;Cuidador.net.br
Metropolitana e Litoral Norte;CYTA TECNOLOGIA
Metropolitana e Litoral Norte;Dada
Metropolitana e Litoral Norte;daGinga
Metropolitana e Litoral Norte;Daime Intermediação de Alimentos e Bebidas Ltda.
Metropolitana e Litoral Norte;Dalassul Gestoria Digital
Metropolitana e Litoral Norte;Dandara Black
Metropolitana e Litoral Norte;Data Mundo
Metropolitana e Litoral Norte;Data Science Brigade
Metropolitana e Litoral Norte;Dataglass
Metropolitana e Litoral Norte;DatamappingLGPD
Metropolitana e Litoral Norte;Decola
Metropolitana e Litoral Norte;DEGRAU DIGITAL LTDA
Metropolitana e Litoral Norte;Delta Global
Metropolitana e Litoral Norte;Dentiflex
Metropolitana e Litoral Norte;DESCOMPLICA VET
Metropolitana e Litoral Norte;Desenvolve Conhecimento Aplicado
Metropolitana e Litoral Norte;DESKBEE
Metropolitana e Litoral Norte;Deskfy
Metropolitana e Litoral Norte;DESMONTE VIRTUAL
Metropolitana e Litoral Norte;Develoci
Metropolitana e Litoral Norte;DÊVI
Metropolitana e Litoral Norte;DEVICE
Metropolitana e Litoral Norte;DGM Soluções Financeiras
Metropolitana e Litoral Norte;Diário Escola
Metropolitana e Litoral Norte;Didati
Metropolitana e Litoral Norte;DIGCAP Consultoria
Metropolitana e Litoral Norte;DIGIFARMZ
Metropolitana e Litoral Norte;DigiSinan
Metropolitana e Litoral Norte;DigitalHealt
Metropolitana e Litoral Norte;Digitalliza Solucoes Corporativas
Metropolitana e Litoral Norte;doc9
Metropolitana e Litoral Norte;DoctorCondo
Metropolitana e Litoral Norte;Dona job
Metropolitana e Litoral Norte;Dootax
Metropolitana e Litoral Norte;Dorak
Metropolitana e Litoral Norte;Drexfy
Metropolitana e Litoral Norte;DSB LABS
Metropolitana e Litoral Norte;DU99
Metropolitana e Litoral Norte;Dublauto Gaúcha
Metropolitana e Litoral Norte;DX.CO
Metropolitana e Litoral Norte;Eagle Care
Metropolitana e Litoral Norte;Eagles
Metropolitana e Litoral Norte;Easy Choose
Metropolitana e Litoral Norte;Easypro Tecnologia
Metropolitana e Litoral Norte;EC PLUS
Metropolitana e Litoral Norte;ECOBOTICA
Metropolitana e Litoral Norte;Ecodash
Metropolitana e Litoral Norte;Ecommerce na Veia
Metropolitana e Litoral Norte;E-conecta
Metropolitana e Litoral Norte;ECOSANIPETS Produtos Sustentáveis Ecológicos
Metropolitana e Litoral Norte;Ecosynth
Metropolitana e Litoral Norte;Educação com Inteligência Artificial
Metropolitana e Litoral Norte;EduConnect Trips
Metropolitana e Litoral Norte;EduFy
Metropolitana e Litoral Norte;Edukaluz
Metropolitana e Litoral Norte;EFC SMART SOLUTIONS LTDA
Metropolitana e Litoral Norte;Efetiva Portal
Metropolitana e Litoral Norte;efexHub
Metropolitana e Litoral Norte;EHDOC TELEHEALTH
Metropolitana e Litoral Norte;Eirene Solutions
Metropolitana e Litoral Norte;ELEGY
Metropolitana e Litoral Norte;ELEVAGRO
Metropolitana e Litoral Norte;ELEVEN
Metropolitana e Litoral Norte;Ella Lidera
Metropolitana e Litoral Norte;Elysios
Metropolitana e Litoral Norte;E-My Space
Metropolitana e Litoral Norte;Energia das Coisas
Metropolitana e Litoral Norte;ENTER TECH EDU
Metropolitana e Litoral Norte;Epigenica Biosciences
Metropolitana e Litoral Norte;ESG action
Metropolitana e Litoral Norte;ESG Now
Metropolitana e Litoral Norte;Essências do Éden
Metropolitana e Litoral Norte;Eurekka
Metropolitana e Litoral Norte;EVO
Metropolitana e Litoral Norte;Evolux360
Metropolitana e Litoral Norte;Exactor Sindicos Profissionais Ltda
Metropolitana e Litoral Norte;ExperMed
Metropolitana e Litoral Norte;EZDocs
Metropolitana e Litoral Norte;eZenplo
Metropolitana e Litoral Norte;Ezmaker
Metropolitana e Litoral Norte;F22 Tech Factory
Metropolitana e Litoral Norte;FABA
Metropolitana e Litoral Norte;Fala Cidadão
Metropolitana e Litoral Norte;Faladoc.ai
Metropolitana e Litoral Norte;Fast Robot
Metropolitana e Litoral Norte;Fatura Cliente
Metropolitana e Litoral Norte;Faz Performance
Metropolitana e Litoral Norte;FAZCOMEX
Metropolitana e Litoral Norte;FazGame
Metropolitana e Litoral Norte;Feedstok Solutions
Metropolitana e Litoral Norte;Femini Driver
Metropolitana e Litoral Norte;FIDELIZOU.ME
Metropolitana e Litoral Norte;Fiero
Metropolitana e Litoral Norte;Fight Analytics
Metropolitana e Litoral Norte;Finor
Metropolitana e Litoral Norte;FK BPO e Consultoria Financeira
Metropolitana e Litoral Norte;Flight Help Brasil
Metropolitana e Litoral Norte;FlokiSys
Metropolitana e Litoral Norte;Florence
Metropolitana e Litoral Norte;Flower
Metropolitana e Litoral Norte;Focu Conexões Inteligentes
Metropolitana e Litoral Norte;Fokvs
Metropolitana e Litoral Norte;Formula 3D
Metropolitana e Litoral Norte;Fourge
Metropolitana e Litoral Norte;Freh organicos
Metropolitana e Litoral Norte;Fusiona Biotecnologia Ltda.
Metropolitana e Litoral Norte;Gabster
Metropolitana e Litoral Norte;GCONDO
Metropolitana e Litoral Norte;Gelb Micromarket
Metropolitana e Litoral Norte;Generatur
Metropolitana e Litoral Norte;Genially
Metropolitana e Litoral Norte;Genis
Metropolitana e Litoral Norte;GEniUS
Metropolitana e Litoral Norte;GeoStein
Metropolitana e Litoral Norte;GESTALK TECNOLOGIA PARA INCLUSÃO SOCIAL LTDA
Metropolitana e Litoral Norte;Getmo
Metropolitana e Litoral Norte;GiroLend LTDA
Metropolitana e Litoral Norte;Go Husky
Metropolitana e Litoral Norte;GO! ENGLISH
Metropolitana e Litoral Norte;Goclin
Metropolitana e Litoral Norte;Goulmi
Metropolitana e Litoral Norte;GovTools
Metropolitana e Litoral Norte;Goya
Metropolitana e Litoral Norte;gpx sistemas
Metropolitana e Litoral Norte;Grana AI
Metropolitana e Litoral Norte;Grano
Metropolitana e Litoral Norte;Grazing
Metropolitana e Litoral Norte;Green Thinking
Metropolitana e Litoral Norte;GREENCLUB
Metropolitana e Litoral Norte;GREENMOTOR
Metropolitana e Litoral Norte;Grilo Mobilidade e Tecnologia
Metropolitana e Litoral Norte;Ground
Metropolitana e Litoral Norte;Growdev Tecnologia
Metropolitana e Litoral Norte;Grupo My House
Metropolitana e Litoral Norte;Grupo RPH
Metropolitana e Litoral Norte;GRUPO STAKECARE
Metropolitana e Litoral Norte;Guia Muda Muda
Metropolitana e Litoral Norte;GWA - Green Way for Automotive
Metropolitana e Litoral Norte;Hanish Medical
Metropolitana e Litoral Norte;HEALTH ENGINEERING
Metropolitana e Litoral Norte;Health ID
Metropolitana e Litoral Norte;HealthPlay
Metropolitana e Litoral Norte;Helpbell
Metropolitana e Litoral Norte;Helplit Tecnologia em Educação Ltda
Metropolitana e Litoral Norte;HERO Industrial Automation
Metropolitana e Litoral Norte;HIGH LEVEL
Metropolitana e Litoral Norte;Hopeful
Metropolitana e Litoral Norte;Hortti
Metropolitana e Litoral Norte;How.ai
Metropolitana e Litoral Norte;Hub4skill
Metropolitana e Litoral Norte;Hubchannel
Metropolitana e Litoral Norte;Hubrh
Metropolitana e Litoral Norte;Hulpi
Metropolitana e Litoral Norte;HUMAN CARE BRASIL
Metropolitana e Litoral Norte;HunterCar
Metropolitana e Litoral Norte;Hurben
Metropolitana e Litoral Norte;Husky
Metropolitana e Litoral Norte;HUTTECH
Metropolitana e Litoral Norte;Hygia
Metropolitana e Litoral Norte;Hypervisual
Metropolitana e Litoral Norte;Hyven
Metropolitana e Litoral Norte;Hyxxon Energia
Metropolitana e Litoral Norte;i9access
Metropolitana e Litoral Norte;Iara Health
Metropolitana e Litoral Norte;Ibiama
Metropolitana e Litoral Norte;ICYBERSEC
Metropolitana e Litoral Norte;Ideia à vista
Metropolitana e Litoral Norte;IDIOMUS
Metropolitana e Litoral Norte;Igapó
Metropolitana e Litoral Norte;iGcon - Inovação na Gestão da Construção
Metropolitana e Litoral Norte;IGOAL TECNOLOGIA
Metropolitana e Litoral Norte;IILEX SISTEMAS INTEGRADOS
Metropolitana e Litoral Norte;i-lite ERP 360
Metropolitana e Litoral Norte;inData
Metropolitana e Litoral Norte;Indusmart
Metropolitana e Litoral Norte;INFINNITY NEUROBUSINESS SCHOOL
Metropolitana e Litoral Norte;Infoguardian
Metropolitana e Litoral Norte;iNNOVEA HUB
Metropolitana e Litoral Norte;Inova & Cria
Metropolitana e Litoral Norte;INOVAPICTOR
Metropolitana e Litoral Norte;InPlace Design Automation
Metropolitana e Litoral Norte;Instituto de Racionalidades
Metropolitana e Litoral Norte;Instor
Metropolitana e Litoral Norte;Int6 Tecnologia
Metropolitana e Litoral Norte;IPAY
Metropolitana e Litoral Norte;iPORTO
Metropolitana e Litoral Norte;Iris
Metropolitana e Litoral Norte;iSend
Metropolitana e Litoral Norte;Isobio
Metropolitana e Litoral Norte;iWEb
Metropolitana e Litoral Norte;iWill
Metropolitana e Litoral Norte;IZI CAKE
Metropolitana e Litoral Norte;IZZA Compras Inteligentes
Metropolitana e Litoral Norte;IZZIETech
Metropolitana e Litoral Norte;James Tip
Metropolitana e Litoral Norte;Job4ALL
Metropolitana e Litoral Norte;Jou Lavanderia
Metropolitana e Litoral Norte;Joyz
Metropolitana e Litoral Norte;Judice Office
Metropolitana e Litoral Norte;JusAPI
Metropolitana e Litoral Norte;Justmiine
Metropolitana e Litoral Norte;KLOOKS
Metropolitana e Litoral Norte;KOBE
Metropolitana e Litoral Norte;Kolevi Soluções
Metropolitana e Litoral Norte;Konecty
Metropolitana e Litoral Norte;KSI do Brasil (KSi Edge)
Metropolitana e Litoral Norte;Kuri Saúde
Metropolitana e Litoral Norte;L7
Metropolitana e Litoral Norte;LATROMI
Metropolitana e Litoral Norte;LawClass
Metropolitana e Litoral Norte;Leaf4All
Metropolitana e Litoral Norte;LEEG LEGAL
Metropolitana e Litoral Norte;Let Me Trial
Metropolitana e Litoral Norte;Letters.IO
Metropolitana e Litoral Norte;Ligero Smart
Metropolitana e Litoral Norte;LincolmLabs
Metropolitana e Litoral Norte;Linear – Ilustração Científica
Metropolitana e Litoral Norte;LITTLE DEVIL ENTERTAINMENT
Metropolitana e Litoral Norte;LOCKERZ
Metropolitana e Litoral Norte;Lookfy
Metropolitana e Litoral Norte;Ludwig Biotecnologia
Metropolitana e Litoral Norte;Lumiar
Metropolitana e Litoral Norte;Luming Inteligência Energética
Metropolitana e Litoral Norte;LUTHIER SAUDE
Metropolitana e Litoral Norte;Lydia
Metropolitana e Litoral Norte;LYDIANS
Metropolitana e Litoral Norte;M3dmix
Metropolitana e Litoral Norte;MAFY MARCAS E PATENTES
Metropolitana e Litoral Norte;Mais Abelhas
Metropolitana e Litoral Norte;Mais Controle Inteligência Financeira
Metropolitana e Litoral Norte;Makadu
Metropolitana e Litoral Norte;Mamãe Completa
Metropolitana e Litoral Norte;Manu CMMS
Metropolitana e Litoral Norte;Mapping Me
Metropolitana e Litoral Norte;Mark
Metropolitana e Litoral Norte;masima: Macunaíma Soluções em Imagens Médicas
Metropolitana e Litoral Norte;MC2 INNOVATION SOLUCOES EM TI LTDA
Metropolitana e Litoral Norte;MCurie
Metropolitana e Litoral Norte;Mecânico Delivery
Metropolitana e Litoral Norte;MEconecte
Metropolitana e Litoral Norte;Mediartech - Mediação Online
Metropolitana e Litoral Norte;Medida saúde
Metropolitana e Litoral Norte;Medmonitor
Metropolitana e Litoral Norte;MEEL NUTRI
Metropolitana e Litoral Norte;Meerkat
Metropolitana e Litoral Norte;Mennu Mais Tecnologia
Metropolitana e Litoral Norte;MENVIE SOFTWARE
Metropolitana e Litoral Norte;Mercado Net Zero (MNZ)
Metropolitana e Litoral Norte;Mercadoedu
Metropolitana e Litoral Norte;Meta Safety
Metropolitana e Litoral Norte;Miglia Motores Elétricos
Metropolitana e Litoral Norte;Mil Dias
Metropolitana e Litoral Norte;MindSync Tecnologia
Metropolitana e Litoral Norte;Minha visita
Metropolitana e Litoral Norte;Mobiltracker
Metropolitana e Litoral Norte;MOBO CUPONS
Metropolitana e Litoral Norte;MOPO
Metropolitana e Litoral Norte;Morinel Studio
Metropolitana e Litoral Norte;MOV WEB
Metropolitana e Litoral Norte;Move Sapiens
Metropolitana e Litoral Norte;MOVEIDEIAS
Metropolitana e Litoral Norte;MOVEV BRASIL MOBILIDADE ELETRICA
Metropolitana e Litoral Norte;MOVII
Metropolitana e Litoral Norte;MULHERES DE PERFORMANCE
Metropolitana e Litoral Norte;Mulheres em Convergência
Metropolitana e Litoral Norte;Multilab
Metropolitana e Litoral Norte;Mutuus Seguros
Metropolitana e Litoral Norte;My Favorite Brownie
Metropolitana e Litoral Norte;MY GROWLER
Metropolitana e Litoral Norte;MYDIGICARE
Metropolitana e Litoral Norte;MyPhone MyMoney
Metropolitana e Litoral Norte;N1 Office
Metropolitana e Litoral Norte;Nagô - RS Produção
Metropolitana e Litoral Norte;Nano Fabrica
Metropolitana e Litoral Norte;Nanolaw
Metropolitana e Litoral Norte;NAU25 EX/COLA DE EMPREENDEDORES
Metropolitana e Litoral Norte;NautiX Hub
Metropolitana e Litoral Norte;Naxia Digital
Metropolitana e Litoral Norte;Neoglass
Metropolitana e Litoral Norte;Neovech
Metropolitana e Litoral Norte;NESQV
Metropolitana e Litoral Norte;NETHOMES
Metropolitana e Litoral Norte;NETSPACES
Metropolitana e Litoral Norte;Neural Vision
Metropolitana e Litoral Norte;NewSeg
Metropolitana e Litoral Norte;NewSpine
Metropolitana e Litoral Norte;NexiDNA
Metropolitana e Litoral Norte;Nexxa Hub
Metropolitana e Litoral Norte;Nexxo
Metropolitana e Litoral Norte;nightHive
Metropolitana e Litoral Norte;NIKOLA
Metropolitana e Litoral Norte;NOC - No Ordinary Content
Metropolitana e Litoral Norte;NoHarm.ai
Metropolitana e Litoral Norte;Norte Compliance
Metropolitana e Litoral Norte;NOVA SOFTWARE
Metropolitana e Litoral Norte;NR Projetos
Metropolitana e Litoral Norte;NTG SOLUCOES EM TRANSPORTADORES
Metropolitana e Litoral Norte;Nubla
Metropolitana e Litoral Norte;Nubo Desenvolvimento de Software Ltda
Metropolitana e Litoral Norte;NUCLEO VITRO
Metropolitana e Litoral Norte;NUN Tecnologia Sustentável
Metropolitana e Litoral Norte;Nutrindo Soluções
Metropolitana e Litoral Norte;Nutrition Thinking
Metropolitana e Litoral Norte;Nutrório
Metropolitana e Litoral Norte;Nuvem Sustentabilidade
Metropolitana e Litoral Norte;O Encarregado
Metropolitana e Litoral Norte;Obin Farm
Metropolitana e Litoral Norte;Obra.ai
Metropolitana e Litoral Norte;OBSTCARE
Metropolitana e Litoral Norte;Oficina do Morro
Metropolitana e Litoral Norte;Oka Coliving
Metropolitana e Litoral Norte;Oliar Cosméticos
Metropolitana e Litoral Norte;Olist Vnda Ecommerce
Metropolitana e Litoral Norte;OMINE SOFTWARE E SERVIÇOS
Metropolitana e Litoral Norte;One Percent
Metropolitana e Litoral Norte;Onhere
Metropolitana e Litoral Norte;ONMOTUS
Metropolitana e Litoral Norte;Onne
Metropolitana e Litoral Norte;OPDV
Metropolitana e Litoral Norte;Open Health
Metropolitana e Litoral Norte;Optix
Metropolitana e Litoral Norte;Orlla Energia
Metropolitana e Litoral Norte;Ornii
Metropolitana e Litoral Norte;Órulo
Metropolitana e Litoral Norte;Ostera Soluções para Fertilização In Vitro
Metropolitana e Litoral Norte;Oston
Metropolitana e Litoral Norte;OTIMIZARE Soluções em Engenharia
Metropolitana e Litoral Norte;Otus Solutions
Metropolitana e Litoral Norte;OvinoPro
Metropolitana e Litoral Norte;OVYVA
Metropolitana e Litoral Norte;Ozone Engenharia LTDA
Metropolitana e Litoral Norte;OZTRA
Metropolitana e Litoral Norte;P2P-IoT
Metropolitana e Litoral Norte;PainelConstru
Metropolitana e Litoral Norte;PAIPE SOFTWARE LTDA
Metropolitana e Litoral Norte;Palco Inteligência de Mercado
Metropolitana e Litoral Norte;Palma Sistemas
Metropolitana e Litoral Norte;Papayas
Metropolitana e Litoral Norte;Paper On
Metropolitana e Litoral Norte;Parka
Metropolitana e Litoral Norte;Patroai
Metropolitana e Litoral Norte;Payer
Metropolitana e Litoral Norte;Paynow
Metropolitana e Litoral Norte;PDM Desenvolvimento de Sistemas
Metropolitana e Litoral Norte;Peel Projetos e Produtos
Metropolitana e Litoral Norte;people ESG
Metropolitana e Litoral Norte;PEP Biolabs
Metropolitana e Litoral Norte;Periferia Em Ação
Metropolitana e Litoral Norte;Perimeter AI
Metropolitana e Litoral Norte;petsgoclub
Metropolitana e Litoral Norte;Phi
Metropolitana e Litoral Norte;PHYCEA COSMETICOS
Metropolitana e Litoral Norte;Picnut
Metropolitana e Litoral Norte;PIPAC Brasil
Metropolitana e Litoral Norte;PIPAC-Brasil
Metropolitana e Litoral Norte;PIPERUN
Metropolitana e Litoral Norte;PIPERZ
Metropolitana e Litoral Norte;Pivot app
Metropolitana e Litoral Norte;Pix Force
Metropolitana e Litoral Norte;Pix Midia
Metropolitana e Litoral Norte;PLANTON
Metropolitana e Litoral Norte;Plataforma 36z
Metropolitana e Litoral Norte;Play Delivery
Metropolitana e Litoral Norte;PlenaSim
Metropolitana e Litoral Norte;Plick Soluções Contábeis
Metropolitana e Litoral Norte;PLURAL CURSOS
Metropolitana e Litoral Norte;PMobi Digital Ltda.
Metropolitana e Litoral Norte;PMP Alimento Importa
Metropolitana e Litoral Norte;PolimiHealth
Metropolitana e Litoral Norte;POSTA.AI
Metropolitana e Litoral Norte;Postmetria
Metropolitana e Litoral Norte;POTABIL
Metropolitana e Litoral Norte;PRAKARANGA
Metropolitana e Litoral Norte;Prax
Metropolitana e Litoral Norte;Prema Car
Metropolitana e Litoral Norte;Previdenciarista
Metropolitana e Litoral Norte;Prime Tecnologia
Metropolitana e Litoral Norte;Print Up 3d
Metropolitana e Litoral Norte;Privacy Tools
Metropolitana e Litoral Norte;ProdutivoApp
Metropolitana e Litoral Norte;PROGUEST
Metropolitana e Litoral Norte;Projeto Viradeira Compacta
Metropolitana e Litoral Norte;Prontuário Verde
Metropolitana e Litoral Norte;ProspectaBio
Metropolitana e Litoral Norte;PSestudio
Metropolitana e Litoral Norte;Psique Brasil
Metropolitana e Litoral Norte;Pulza
Metropolitana e Litoral Norte;PURA - Regenerative Cultures & Nature-based Solutions
Metropolitana e Litoral Norte;PureAI
Metropolitana e Litoral Norte;Q-PRO - QMD Pessoal
Metropolitana e Litoral Norte;Quiper Agro
Metropolitana e Litoral Norte;Quiper Fresh
Metropolitana e Litoral Norte;Quiq S.A
Metropolitana e Litoral Norte;R&S Consultoria Científica
Metropolitana e Litoral Norte;R4 DIGITAL S.A
Metropolitana e Litoral Norte;RACIONAL TECNOLOGIA
Metropolitana e Litoral Norte;Rakho-Med
Metropolitana e Litoral Norte;Raks
Metropolitana e Litoral Norte;Rankine Systems
Metropolitana e Litoral Norte;Rapidoc
Metropolitana e Litoral Norte;Rec2Pay
Metropolitana e Litoral Norte;Reck Brasil
Metropolitana e Litoral Norte;Recysun - 3S
Metropolitana e Litoral Norte;RedeSindicos
Metropolitana e Litoral Norte;Reemby
Metropolitana e Litoral Norte;Reemprega RS
Metropolitana e Litoral Norte;Revforce
Metropolitana e Litoral Norte;Revo Próteses
Metropolitana e Litoral Norte;RH de Aluguel
Metropolitana e Litoral Norte;RISE SOFTWARE
Metropolitana e Litoral Norte;Ritual Da Hospitalidade
Metropolitana e Litoral Norte;RMA TECH
Metropolitana e Litoral Norte;ROCKETCHAT TECNOLOGIA LTDA
Metropolitana e Litoral Norte;ROK’S - PSALab
Metropolitana e Litoral Norte;Routinfy.com
Metropolitana e Litoral Norte;S.OLEUM BRASIL AGRO INDUSTRIAL SA
Metropolitana e Litoral Norte;S.Solutions
Metropolitana e Litoral Norte;Safe2pay
Metropolitana e Litoral Norte;SAFECARBON
Metropolitana e Litoral Norte;SafeReport - Canal de denúncias
Metropolitana e Litoral Norte;Safety4Me
Metropolitana e Litoral Norte;SAGE IOT
Metropolitana e Litoral Norte;Saipos
Metropolitana e Litoral Norte;SapiensLab
Metropolitana e Litoral Norte;Saúde Trans
Metropolitana e Litoral Norte;Save -South America Vehicles Electrification
Metropolitana e Litoral Norte;SaveBys
Metropolitana e Litoral Norte;SCOPI SISTEMAS
Metropolitana e Litoral Norte;Sculpt
Metropolitana e Litoral Norte;SDV reciclando
Metropolitana e Litoral Norte;SegCommerce
Metropolitana e Litoral Norte;Self Guru
Metropolitana e Litoral Norte;Semente do Plástico
Metropolitana e Litoral Norte;Sentir e Ser Atelier
Metropolitana e Litoral Norte;Ser Autoral
Metropolitana e Litoral Norte;SGTECH Soluções Ambientais
Metropolitana e Litoral Norte;Shamyblue Environmental
Metropolitana e Litoral Norte;Shoppr
Metropolitana e Litoral Norte;Siddi Digital
Metropolitana e Litoral Norte;Sidemed
Metropolitana e Litoral Norte;SIFT Engenharia LTDA
Metropolitana e Litoral Norte;SILO VERDE
Metropolitana e Litoral Norte;SIMBIO Consultoria em Supply Chain
Metropolitana e Litoral Norte;SIMPAY PAGAMENTOS
Metropolitana e Litoral Norte;Simula Health
Metropolitana e Litoral Norte;Singular Dynamics
Metropolitana e Litoral Norte;SIRIUS ENGENHARIA AMBIENTAL
Metropolitana e Litoral Norte;SIRROS IOT
Metropolitana e Litoral Norte;Siscatec
Metropolitana e Litoral Norte;Sisqualis
Metropolitana e Litoral Norte;SISTEMA SUL TECH
Metropolitana e Litoral Norte;Sítio Bandeira Branca
Metropolitana e Litoral Norte;Skriva
Metropolitana e Litoral Norte;Skymed
Metropolitana e Litoral Norte;Skywork
Metropolitana e Litoral Norte;Slice
Metropolitana e Litoral Norte;Smart Composer VR
Metropolitana e Litoral Norte;Smart Crono
Metropolitana e Litoral Norte;Smart Flood
Metropolitana e Litoral Norte;Smartbaby
Metropolitana e Litoral Norte;smartsan.
Metropolitana e Litoral Norte;SOCIAL DOME
Metropolitana e Litoral Norte;Soffiatti
Metropolitana e Litoral Norte;Soft Skill em Saúde
Metropolitana e Litoral Norte;Soha - Software e Hardware
Metropolitana e Litoral Norte;Soma Soluções Financeiras
Metropolitana e Litoral Norte;SoMEI
Metropolitana e Litoral Norte;Sooply
Metropolitana e Litoral Norte;SOS RAIOS
Metropolitana e Litoral Norte;Soufie Investor Game
Metropolitana e Litoral Norte;SOUSADG
Metropolitana e Litoral Norte;SouthVIA
Metropolitana e Litoral Norte;Space Hunters
Metropolitana e Litoral Norte;SQED TECNOLOGIA DA INFORMAÇÃO
Metropolitana e Litoral Norte;Squilo Saúde
Metropolitana e Litoral Norte;Stakecare
Metropolitana e Litoral Norte;StarGrid
Metropolitana e Litoral Norte;StarLearning
Metropolitana e Litoral Norte;Start Agencia De Marketing Digital
Metropolitana e Litoral Norte;STARTAIDEIA
Metropolitana e Litoral Norte;STE PARTS
Metropolitana e Litoral Norte;Stresstec Engenharia
Metropolitana e Litoral Norte;Studa
Metropolitana e Litoral Norte;STUDIO PRIMA MATERIA
Metropolitana e Litoral Norte;Suatransportadora
Metropolitana e Litoral Norte;Sul Vinci
Metropolitana e Litoral Norte;Sumply
Metropolitana e Litoral Norte;Sun 3S
Metropolitana e Litoral Norte;Sunny Data Protection
Metropolitana e Litoral Norte;SUPER POCKET 24 HORAS
Metropolitana e Litoral Norte;Supermídia
Metropolitana e Litoral Norte;Suvic
Metropolitana e Litoral Norte;SymCore
Metropolitana e Litoral Norte;System Advisor
Metropolitana e Litoral Norte;Table
Metropolitana e Litoral Norte;Tae Engajamento
Metropolitana e Litoral Norte;TAG Livros
Metropolitana e Litoral Norte;TALLENTTARE
Metropolitana e Litoral Norte;Taugor
Metropolitana e Litoral Norte;Taverna Gularte Editora
Metropolitana e Litoral Norte;Tech - Maschinen Engenharia
Metropolitana e Litoral Norte;Tech forge
Metropolitana e Litoral Norte;Tech Now
Metropolitana e Litoral Norte;Techniken Tecnologia
Metropolitana e Litoral Norte;TECHNURSE
Metropolitana e Litoral Norte;TechPain
Metropolitana e Litoral Norte;Tecmobil
Metropolitana e Litoral Norte;Teia Labs
Metropolitana e Litoral Norte;Tekoha biotecnologia ambiental
Metropolitana e Litoral Norte;Teletanque
Metropolitana e Litoral Norte;TellUs: Inovação Humana
Metropolitana e Litoral Norte;Tenteada
Metropolitana e Litoral Norte;Terceirizza
Metropolitana e Litoral Norte;TESSERIS
Metropolitana e Litoral Norte;TESTING COMPANY
Metropolitana e Litoral Norte;TGR Studio
Metropolitana e Litoral Norte;The Cloud Surgery
Metropolitana e Litoral Norte;Thrive: saúde mental digital
Metropolitana e Litoral Norte;Thummi Global
Metropolitana e Litoral Norte;Tidesat
Metropolitana e Litoral Norte;Time da Eva - PSALab
Metropolitana e Litoral Norte;Tiny
Metropolitana e Litoral Norte;Tio Chico Vet
Metropolitana e Litoral Norte;TIQUE TAQUE
Metropolitana e Litoral Norte;TKTR
Metropolitana e Litoral Norte;Todo – Incomm
Metropolitana e Litoral Norte;TownSq
Metropolitana e Litoral Norte;TrabalheAi.com
Metropolitana e Litoral Norte;TRASHIN
Metropolitana e Litoral Norte;TRICE
Metropolitana e Litoral Norte;Triider
Metropolitana e Litoral Norte;Trindtech
Metropolitana e Litoral Norte;Trip Evolved
Metropolitana e Litoral Norte;Trius
Metropolitana e Litoral Norte;TRU VEÍCULOS
Metropolitana e Litoral Norte;Truddy
Metropolitana e Litoral Norte;TSA / Mobilité
Metropolitana e Litoral Norte;Tua Operadora
Metropolitana e Litoral Norte;TWD Medical
Metropolitana e Litoral Norte;TYR
Metropolitana e Litoral Norte;Ubots
Metropolitana e Litoral Norte;Uhuuu
Metropolitana e Litoral Norte;Ujamaatech
Metropolitana e Litoral Norte;Ummense
Metropolitana e Litoral Norte;uMove.me
Metropolitana e Litoral Norte;Unipago
Metropolitana e Litoral Norte;UniWAY SCHOOL
Metropolitana e Litoral Norte;Upcontrol
Metropolitana e Litoral Norte;UPCYFOODS
Metropolitana e Litoral Norte;UPSENSOR
Metropolitana e Litoral Norte;Urb IA
Metropolitana e Litoral Norte;URBE.ME
Metropolitana e Litoral Norte;Userfit
Metropolitana e Litoral Norte;Usphera XR
Metropolitana e Litoral Norte;UY3
Metropolitana e Litoral Norte;V4 COMPANY
Metropolitana e Litoral Norte;VALÊNCIA ENERGIA
Metropolitana e Litoral Norte;VASTO AGRO
Metropolitana e Litoral Norte;Vatto
Metropolitana e Litoral Norte;VB INTELIGENCIA DE MERCADO
Metropolitana e Litoral Norte;Velatech
Metropolitana e Litoral Norte;VELOCE.TECH
Metropolitana e Litoral Norte;Vent Digital
Metropolitana e Litoral Norte;Verdes Hábitos
Metropolitana e Litoral Norte;VERSOLID
Metropolitana e Litoral Norte;Vidaia Care
Metropolitana e Litoral Norte;Vínculo Impacta
Metropolitana e Litoral Norte;Virando a Terra
Metropolitana e Litoral Norte;VirtuALL HRpartner
Metropolitana e Litoral Norte;VITAL LIBERDADE FINANCEIRA
Metropolitana e Litoral Norte;VOGA arquitetura e urbanismo
Metropolitana e Litoral Norte;Volta E-Bike
Metropolitana e Litoral Norte;Volters
Metropolitana e Litoral Norte;VOPPI
Metropolitana e Litoral Norte;VOROTECH DESENVOLVIMENTO DE SOFTWARE
Metropolitana e Litoral Norte;Voyage Travel Planner
Metropolitana e Litoral Norte;W3K
Metropolitana e Litoral Norte;Warren
Metropolitana e Litoral Norte;WB Gestão Educacional
Metropolitana e Litoral Norte;wbio
Metropolitana e Litoral Norte;WE FIX
Metropolitana e Litoral Norte;WebMed
Metropolitana e Litoral Norte;WeBurn
Metropolitana e Litoral Norte;WeCollab
Metropolitana e Litoral Norte;WeConecta
Metropolitana e Litoral Norte;Wedy
Metropolitana e Litoral Norte;Weeco
Metropolitana e Litoral Norte;Weheal
Metropolitana e Litoral Norte;WeTutors
Metropolitana e Litoral Norte;Whispers
Metropolitana e Litoral Norte;WIDA
Metropolitana e Litoral Norte;Widemind
Metropolitana e Litoral Norte;WINE LOCALS
Metropolitana e Litoral Norte;Witu.digital
Metropolitana e Litoral Norte;WNS-PRO
Metropolitana e Litoral Norte;Woman Fem
Metropolitana e Litoral Norte;Workhub
Metropolitana e Litoral Norte;WOW!Bpo
Metropolitana e Litoral Norte;WS Work
Metropolitana e Litoral Norte;WSS Security
Metropolitana e Litoral Norte;WYG
Metropolitana e Litoral Norte;X4 Tecnologia
Metropolitana e Litoral Norte;X5 Soluções Tecnológicas
Metropolitana e Litoral Norte;XAccess: Transformando vidas através da Inovação Assistiva
Metropolitana e Litoral Norte;XL7 Data Science
Metropolitana e Litoral Norte;XLABS
Metropolitana e Litoral Norte;XR LAB
Metropolitana e Litoral Norte;YouWe
Metropolitana e Litoral Norte;Zanno
Metropolitana e Litoral Norte;ZAPLY TECNOLOGIA
Metropolitana e Litoral Norte;Zeeng
Metropolitana e Litoral Norte;ZeoFertil
Metropolitana e Litoral Norte;Zerofila by PIPEOR
Metropolitana e Litoral Norte;ZHero
Metropolitana e Litoral Norte;Ziel Biosciences
Metropolitana e Litoral Norte;Zipernet
Metropolitana e Litoral Norte;Zuna Estágios
Noroeste e Missões;22 PERFORMANCE
Noroeste e Missões;ABACONTROL
Noroeste e Missões;ACOBIO
Noroeste e Missões;AERO TOPOGRAFIA
Noroeste e Missões;AgedCare
Noroeste e Missões;Agricon Business
Noroeste e Missões;AGRITEK
Noroeste e Missões;Agro Instrumentos
Noroeste e Missões;AllMenu
Noroeste e Missões;Atendare
Noroeste e Missões;Automatech
Noroeste e Missões;Avansee
Noroeste e Missões;Bicho Natural
Noroeste e Missões;BIGRIVER TECHNOLOGIES LTDA
Noroeste e Missões;BIOTECNO
Noroeste e Missões;Buskaki
Noroeste e Missões;Captar TI
Noroeste e Missões;Code Rocket
Noroeste e Missões;CuidadosConecta
Noroeste e Missões;DeuFísica
Noroeste e Missões;Diego Wiprich
Noroeste e Missões;Digit Company
Noroeste e Missões;DivTec
Noroeste e Missões;Doled
Noroeste e Missões;É de Casa - Lavanderia Express
Noroeste e Missões;ECKO GESTÃO DE MARKETING
Noroeste e Missões;ELEDE
Noroeste e Missões;Empathy - Consultório de Enfermagem
Noroeste e Missões;Energeticos Naturais Abreu
Noroeste e Missões;Essent Agro Contabilidade Rural
Noroeste e Missões;FAXINOU
Noroeste e Missões;Forno das Missões
Noroeste e Missões;GIRO 3D Studio
Noroeste e Missões;GoTrampo
Noroeste e Missões;Grupo V5
Noroeste e Missões;HALITY
Noroeste e Missões;Hex Sistemas
Noroeste e Missões;Hibou Car Wash
Noroeste e Missões;HOPE EDUCACIONAL
Noroeste e Missões;Infinitum TI
Noroeste e Missões;Infratrack
Noroeste e Missões;Innoformula
Noroeste e Missões;INOVATEC UFSM 3D Soluções em Informática LTDA
Noroeste e Missões;Instituto Campeão
Noroeste e Missões;INVENTUS
Noroeste e Missões;Joga Junto
Noroeste e Missões;Kaukazus
Noroeste e Missões;KB Engenharia
Noroeste e Missões;LAVORO DESIGN
Noroeste e Missões;Leaper
Noroeste e Missões;LeV Compliance
Noroeste e Missões;Levidè Cosméticos Naturais
Noroeste e Missões;LinkMe
Noroeste e Missões;LinkmeTur
Noroeste e Missões;LocaAgro
Noroeste e Missões;Locomotiva de Ideias
Noroeste e Missões;Lojão Agrícola
Noroeste e Missões;Lumiun
Noroeste e Missões;Mathin
Noroeste e Missões;Maxwell
Noroeste e Missões;MAXWELL TECNOLOGIA EDUCACIONAL
Noroeste e Missões;Mora Aromas
Noroeste e Missões;Nacity
Noroeste e Missões;ONCOSCAN
Noroeste e Missões;Optimize Gestão de Processos
Noroeste e Missões;OrganoFoods
Noroeste e Missões;PEI EMAGRECER
Noroeste e Missões;Pense Inovação
Noroeste e Missões;Pic nic Baby Shop
Noroeste e Missões;PLANATECH TECNOLOGIA
Noroeste e Missões;Planejar Marketing de Resultados
Noroeste e Missões;Plataforma Sintonia
Noroeste e Missões;Play2Make
Noroeste e Missões;Pyp System LTDA
Noroeste e Missões;Quimea Inteligência Ambiental
Noroeste e Missões;Quita Boletos
Noroeste e Missões;Rede Essent Jus
Noroeste e Missões;Salve a Data
Noroeste e Missões;Schavinski
Noroeste e Missões;Simula e Aprova
Noroeste e Missões;SkilLuz
Noroeste e Missões;Suport D'leite
Noroeste e Missões;TGX – Soluções em Energia Ltda.
Noroeste e Missões;Tryber
Noroeste e Missões;Ubah
Noroeste e Missões;V12 Technologic Solutions
Noroeste e Missões;VERTAL
Noroeste e Missões;Vertical Tech
Noroeste e Missões;Vitória Agência de Publicidade LTDA
Noroeste e Missões;VM AgroInova
Noroeste e Missões;YoursBank
Noroeste e Missões;ZenFisio
Produção e Norte;3 FOLIOTECH
Produção e Norte;Acordos Brasil
Produção e Norte;AFK Imunotech
Produção e Norte;AGRARE TECNOLOGIA E GESTAO
Produção e Norte;AGROFINDER INTERMEDIAÇÃO E AGENCIAMENTO DE NEGÓCIOS LTDA
Produção e Norte;ÁGUA CONECTADA
Produção e Norte;AKVO ESG
Produção e Norte;ALFA REALIDADE VIRTUAL LTDA
Produção e Norte;ALPHUB
Produção e Norte;ALUGA MAIS
Produção e Norte;Alugo
Produção e Norte;App Consultas
Produção e Norte;Athena Agro
Produção e Norte;Autentique
Produção e Norte;AUTOMASENSOR
Produção e Norte;"BIOFERTAL PESQUISA E DESENVOLVIMENTO EXPERIMENTAL LTDA"
Produção e Norte;BUENO ELÉTRICA E ENGENHARIA
Produção e Norte;Click Profissional
Produção e Norte;CODE SCRIPT TECNOLOGIA LTDA
Produção e Norte;CONECTA CRIAÇÕES
Produção e Norte;CONFERENCE
Produção e Norte;CONTABILE DIGITAL
Produção e Norte;Contus
Produção e Norte;Dancefloor
Produção e Norte;"DATAINTEGRA CONSULTORIA EM TECNOLOGIA DA INFORMAÇÃO LTDA"
Produção e Norte;DONNASAFE
Produção e Norte;DRONE KIDS
Produção e Norte;EMA
Produção e Norte;Envolp soluções
Produção e Norte;ESTAGIÔ
Produção e Norte;FHILL
Produção e Norte;FMS SOLUÇÕES LTDA - NV Envolp
Produção e Norte;FreePix
Produção e Norte;GARUPA
Produção e Norte;Gerador de Artes
Produção e Norte;GRÃON PÓS-COLHEITA TLDA
Produção e Norte;GREENA SOLUÇÕES EM SUSTENTABILIDADE LTDA
Produção e Norte;HAPY
Produção e Norte;Hausle
Produção e Norte;HEMAC SOLUCOES INTEGRADAS
Produção e Norte;HISIGN
Produção e Norte;I98 INTELIGÊNCIA DE DADOS
Produção e Norte;INNNOVA B
Produção e Norte;INNOVASUSTECH ENGENHARIA LTDA
Produção e Norte;INSIGHT ACADEMY
Produção e Norte;Kentech Assessoria e Consultoria LTDA
Produção e Norte;Labzeb Arquitetura Eficiente
Produção e Norte;LAGOM BRASIL
Produção e Norte;MDR Agro
Produção e Norte;MERCADADOS
Produção e Norte;MIRABILE VISU STARTUP LTDA
Produção e Norte;MISSÃO CRIATIVA
Produção e Norte;Neuroup
Produção e Norte;NIKOLA 369
Produção e Norte;Nostra Gestão de Marcas
Produção e Norte;O Agro
Produção e Norte;odo.digital
Produção e Norte;Oriuz
Produção e Norte;Petwatch
Produção e Norte;Radiplan Radtech
Produção e Norte;Razor Computadores
Produção e Norte;RESETA REUSE TECHNOLOGY - S3HB ENVIRONMENTAL TECHNOLOGY
Produção e Norte;Rocky E-commerce
Produção e Norte;SemioCrop
Produção e Norte;Skopo Media
Produção e Norte;Staybox
Produção e Norte;Sync Sistemas
Produção e Norte;Taperto Negocios Digitais LTDA ME
Produção e Norte;TomTicket
Produção e Norte;Umentor
Produção e Norte;VisionniT
Produção e Norte;Woow Comunicação
Serra Gaúcha;1App
Serra Gaúcha;4 Software
Serra Gaúcha;5HUB
Serra Gaúcha;91 Seguros
Serra Gaúcha;A00s
Serra Gaúcha;ABM - Agrobiomateriais
Serra Gaúcha;AC Pozzer Indústria Eletrônica
Serra Gaúcha;ageof
Serra Gaúcha;AgroVantagens
Serra Gaúcha;aliainclui
Serra Gaúcha;Allps
Serra Gaúcha;Ana Cris Consultoria
Serra Gaúcha;App do Vovô
Serra Gaúcha;APP MINHA ESCOLA
Serra Gaúcha;Áquila Saneantes
Serra Gaúcha;Arrow Mobility
Serra Gaúcha;Autofarm (Raptor Advanced Agriculture)
Serra Gaúcha;Avaloki Desenvolvimento Humano
Serra Gaúcha;Avantinfo de Software Ltda (Plenus ERP)
Serra Gaúcha;Awin Produtora
Serra Gaúcha;Balcão Balcão
Serra Gaúcha;Biosink
Serra Gaúcha;Bling
Serra Gaúcha;Block4connect
Serra Gaúcha;Boomatech
Serra Gaúcha;BTi Estratégia
Serra Gaúcha;BUBUYOG
Serra Gaúcha;Bunny Box
Serra Gaúcha;Butterfly
Serra Gaúcha;Cake ERP
Serra Gaúcha;CARDUME DIGITAL
Serra Gaúcha;Cash2pay
Serra Gaúcha;CaTECH - Centro de Automações Técnicas
Serra Gaúcha;Ciano App
Serra Gaúcha;CLIQUE EMPREGOS SERVICOS DE INFORMACAO LTDA
Serra Gaúcha;CLL Dados Pesquisas e Projetos
Serra Gaúcha;Collab Inspira
Serra Gaúcha;Compratri Serviços Digitais Ltda
Serra Gaúcha;CTE Brasil
Serra Gaúcha;Datamon
Serra Gaúcha;DataPay
Serra Gaúcha;d-Block Pesquisa em Nanotecnologia Ltda.
Serra Gaúcha;Digimun
Serra Gaúcha;Dream Success
Serra Gaúcha;Dressa Experience
Serra Gaúcha;ECONODATA TECNOLOGIA DA INFORMACAO LTDA
Serra Gaúcha;Econoferta Soluções Econômica Ltda.
Serra Gaúcha;Ecooler
Serra Gaúcha;Ella Hub
Serra Gaúcha;Enforce
Serra Gaúcha;Enttry - Guardian
Serra Gaúcha;Evolut Inteligência em Engenharia
Serra Gaúcha;FeedLover
Serra Gaúcha;Flip Studio Processamento de Dados
Serra Gaúcha;FLUID STATE
Serra Gaúcha;ForneceAi
Serra Gaúcha;Frete Gestão
Serra Gaúcha;Genesis Materiais Sinterizados Ltda
Serra Gaúcha;GM Softwares
Serra Gaúcha;Gomining Mineradora de Ideias
Serra Gaúcha;Grappa
Serra Gaúcha;Group Sistemas de Gestão
Serra Gaúcha;Growth.buy
Serra Gaúcha;GSR Projetos
Serra Gaúcha;Gustavo Bartelli - Soluções Baseadas na Natureza
Serra Gaúcha;Hayde Health
Serra Gaúcha;Hi! Mundo
Serra Gaúcha;HiPub
Serra Gaúcha;Hubble 360° - R.M. Guizzo & R.P. Aquino Ltda
Serra Gaúcha;Icehot
Serra Gaúcha;Ilar
Serra Gaúcha;Inconnect
Serra Gaúcha;Inova KPI
Serra Gaúcha;INSIGHT Design Estratégico
Serra Gaúcha;Insumo Fácil
Serra Gaúcha;INTRODUCE
Serra Gaúcha;Iwhere
Serra Gaúcha;KRETOS
Serra Gaúcha;LemonGO
Serra Gaúcha;Lenzi Engenharia
Serra Gaúcha;LIKIN.DO BRASIL
Serra Gaúcha;Lockeet
Serra Gaúcha;Lógica para Todos
Serra Gaúcha;Manp Tecnologia
Serra Gaúcha;MEempresta
Serra Gaúcha;Métodoc
Serra Gaúcha;Metries
Serra Gaúcha;MGZ Manutenção de Máquinas e Equipamentos Industriais
Serra Gaúcha;Minha Escola
Serra Gaúcha;Mobitech
Serra Gaúcha;Moddo Consultoria e Assessoria
Serra Gaúcha;Modelo Vencedor
Serra Gaúcha;Moderniza
Serra Gaúcha;MomCar
Serra Gaúcha;Movestock
Serra Gaúcha;MURBI do Brasil
Serra Gaúcha;My Smart Clinic
Serra Gaúcha;NativeIP
Serra Gaúcha;Neoplot - Inteligência de Negócios
Serra Gaúcha;nora Biotecnologia
Serra Gaúcha;O Financeiro Online
Serra Gaúcha;Olá Doutor
Serra Gaúcha;On the road
Serra Gaúcha;oSucateiro
Serra Gaúcha;Patty Pedrotty
Serra Gaúcha;Piipee
Serra Gaúcha;Planest
Serra Gaúcha;Planne
Serra Gaúcha;Potenciologia
Serra Gaúcha;Pralike
Serra Gaúcha;Prediza
Serra Gaúcha;Prevenir-se
Serra Gaúcha;Privacy Growth
Serra Gaúcha;Protagonizza
Serra Gaúcha;Pulga Mobi
Serra Gaúcha;QR CASA
Serra Gaúcha;Qualicookies
Serra Gaúcha;Radiance Plus Equipamentos Odontológicos Ltda.
Serra Gaúcha;Raffert
Serra Gaúcha;Rangonautas Entretenimento e Educação Ltda
Serra Gaúcha;REFRESHER TRENDS
Serra Gaúcha;Revendi
Serra Gaúcha;Roter.in
Serra Gaúcha;Row Up
Serra Gaúcha;SAGUI.AI WEBSITE BUILDER LTDA
Serra Gaúcha;Scoreplan
Serra Gaúcha;Semearhis
Serra Gaúcha;SensiaBio Tech
Serra Gaúcha;SevenTI Tecnologia
Serra Gaúcha;Site Nauta
Serra Gaúcha;SolucioneRH - Recrutamento Humanizado
Serra Gaúcha;SoulMei Delas
Serra Gaúcha;Studio 360
Serra Gaúcha;Synape (G3 Soluções Tecnológicas)
Serra Gaúcha;TENSEI
Serra Gaúcha;TRACE Inteligência em Gestão
Serra Gaúcha;Tradebrazil
Serra Gaúcha;Tuddo
Serra Gaúcha;TUTTO GESTAO
Serra Gaúcha;TV SEXATE
Serra Gaúcha;Urbano Applied Research
Serra Gaúcha;Urupê
Serra Gaúcha;Vagas na serra
Serra Gaúcha;Valorizza Desenvolvimento Empresarial
Serra Gaúcha;Vanessa Becker Mentoria
Serra Gaúcha;VAREJO.ME
Serra Gaúcha;Verathi Gestão Financeira
Serra Gaúcha;Vex Tecnologia
Serra Gaúcha;Virtuati
Serra Gaúcha;Viva Broto
Serra Gaúcha;Waybol Educação
Serra Gaúcha;Webmagister
Serra Gaúcha;Woen Pessoas E Trabalho
Serra Gaúcha;Zéfiro
Sul;Agrifence
Sul;AGROtags
Sul;AlgaSul Biotecologia de Microalgas
Sul;Anota.AI
Sul;Artisan Media Display
Sul;Atlas Technologies
Sul;AUGEN ENGENHARIA S.A.
Sul;AuRos Robotics
Sul;AZU TECNOLOGIA
Sul;BENJOY
Sul;Bioproduto Multifuncional
Sul;BIOSCIENT
Sul;Captur
Sul;CARRINHO PRESSURIZADOR DE BOLAS
Sul;Catavento Meteorologia e Meio Ambiente Ltda
Sul;ChatLabs
Sul;ChromaAnalytica
Sul;Composta SãoLou Compostagem Urbana
Sul;CONECTA - ALEXANDER DE ANDRADE CARVALHO
Sul;CONLAB - ROGER PULS FRANZ
Sul;DEEP PIXEL
Sul;Demetec Agro
Sul;Destine Aqui
Sul;Dimensio
Sul;Donamaid
Sul;Ecominhocas
Sul;FÁBRICA-B
Sul;FÁCIL CONSULTA
Sul;Farmbox
Sul;Freecash
Sul;GESTA+
Sul;Gestão boa
Sul;Green Next
Sul;Habitta
Sul;HELPER
Sul;I9MAT INOVAÇÕES EM NANOTECNOLOGIA LTDA
Sul;ICANEO IT
Sul;IGniS ANIMAL SCIENCE
Sul;INEPHRO
Sul;Magen
Sul;MATEUS BUENO BENDJOUYA
Sul;ME GUSTA
Sul;Medeiros Ventures Inova Simples (I.S.)
Sul;MONTE SIÃO CONSTRUÇÕES PARTICIPAÇÕES E SERVIÇOS
Sul;Nesos
Sul;Nossa Memória
Sul;Nosso Núcleo
Sul;NUI INSECT SCIENCE BIOINSUMOS E BIOTECNOLOGIA LTDA
Sul;Orça
Sul;Orpee Integrativa
Sul;PARTAMON SOLUÇÕES INTEGRADAS PARA MANEJO DE PRAGAS
Sul;PETIOS
Sul;Pipar
Sul;Pressurizador de bolas de esporte de raquete
Sul;ProtocoloDoc
Sul;Pulso do Mercado
Sul;PURE-AGUÁ MINERAL SUSTENTÁVEL
Sul;QUIRES
Sul;RASS TECH
Sul;Rematefy
Sul;REVEMARK BRASIL LTDA
Sul;RS BIOACTIVES
Sul;SATOMED
Sul;Save Health
Sul;Scallar
Sul;ScanFood
Sul;Shortcut
Sul;Sigales
Sul;Sofiq AI Lab
Sul;SouPlenus
Sul;STARBOARD ESTIBORDO TECNOLOGIA
Sul;TCB Pesquisa e Inovação
Sul;TELEDOC JOURNEY MEDICAL
Sul;TerraMares
Sul;THE BUSINESS FINANCE LTDA
Sul;Triativa Alimentos
Sul;Two Cats
Sul;UniNVEST ENERGIAS RENOVÁVEIS
Sul;Veat Proteínas Sustentáveis
Sul;Workly
Sul;Zelle Serviços de Tecnologia LTDA
Sul;ZUQUEONE SERVIÇOS TECNOLÓGICOS E EDUCACIONAIS LTDA
Vales;3D Cap
Vales;4Care Technology
Vales;Accore Automação - Projeto ByCrop
Vales;Agcontrol - Solucoes Biologicas
Vales;Alfa Sistemas
Vales;ALGEN TRATAMENTO DE EFLUENTES
Vales;ALVAP ENGENHARIA LTDA
Vales;APECATUS
Vales;Aplicare
Vales;Archipro
Vales;Armazém.LZ
Vales;AWISE
Vales;Barbosa & Manske Consultoria e Gestão
Vales;Bene Sole
Vales;Bi Machine
Vales;BIOGEN Soluções Biotecnológicas
Vales;Canabem
Vales;Catfish Engenharia
Vales;CLINICA EXPERTS LTDA
Vales;Clubo Telefonia Móvel Ltda
Vales;Collab Eduação e Acessibilidade Ltda
Vales;Colono Forte
Vales;CONTEL TELECOM
Vales;Corujas
Vales;Criação.cc
Vales;Damaros
Vales;DATA4COMPANY
Vales;Delphos Engenharia e Consultoria em Energia Renováveis Ltda
Vales;Demander - Gestão Comercial
Vales;Digitalis Marketing Ltda
Vales;DokaLab CX
Vales;EasyAg Desenvolvimento de Software Ltda
Vales;Ecco Soma - SIC-PVDG Connect Energy
Vales;ecoyá
Vales;Elis Vargas Libras e Comunicação Ltda
Vales;entomos
Vales;EvcomX
Vales;evove erp
Vales;Faksanto Entretenimento
Vales;Fermenta Biotecnologia
Vales;Filial Digital
Vales;Flowy data solution
Vales;Gestor RP Controles Pecuarios LTDA
Vales;HARPIA
Vales;Hive Data
Vales;Hub - fábrica/bolsa de franquias
Vales;Inoculla Tech - Pesquisa e Desenvolvimento Experimental em Ciências Naturais Ltda
Vales;Inova 531 - Inovação e gestão
Vales;Inovabee
Vales;Inspetor Caranga
Vales;INTERACT SOLUTIONS
Vales;Itineo
Vales;Jahde
Vales;Kinesens Biotecnologia
Vales;Legacy 360
Vales;Libras em Primeiro Ltda
Vales;LimbX
Vales;Limit
Vales;Macro Spaces
Vales;Maestro
Vales;Meu Jurídico
Vales;MEURESIDUO
Vales;Michele Regina Bartz Garcia
Vales;Motoreasy
Vales;Mova se - Cadeira de Roda com Escala dianteira removível
Vales;Mt Gestao Contabil
Vales;Muv.technology
Vales;Naturgotas
Vales;Nervis Engenharia Ltda
Vales;Olímpia Educação
Vales;onAgro
Vales;Pivot contabilidade
Vales;PIXAPAY TECNOLOGIA DE PAGAMENTOS LTDA
Vales;Plantar Juntos
Vales;PMETRIC SYSTEM
Vales;Podange Smart Wear
Vales;PRIME ENGENHARIA INOVA SIMPLES (I.S.)
Vales;Próbios Agroindústria de Derivados Lácteos
Vales;Prontu
Vales;Prontu Saúde
Vales;Protege Química Comércio de EPIs LTDA
Vales;QODO SOLUCOES SUSTENTAVEIS
Vales;Qualy Vida Temperos
Vales;QualyFull - Autocontrole Digital
Vales;Recic
Vales;Recompen$a
Vales;ResiGo
Vales;Resoluto
Vales;SAFE CITY
Vales;SOHR TECH FOR BUSINESS
Vales;STI SOFT
Vales;Suitable
Vales;Sulengtéc
Vales;Supernova Filmes Ltda
Vales;Syntalgae
Vales;Tomasi Rede Logística
Vales;Tulz Solutions
Vales;Turismo dos Vales
Vales;UniPROVAS
Vales;UniTEG
Vales;Valores do RS
Vales;Visão i
Vales;VR ORIENTAÇÃO NUTRICIONAL
Vales;Web Jasper Tecnologia e Consultoria
Vales;Wo Design
Vales;WWTC Brasil
Vales;Yumu
