Ecossistema;Cidade
Central;Agudo
Central;Boa Vista do Cadeado
Central;Boa Vista do Incra
Central;Cacequi
Central;Cachoeira do Sul
Central;Capão do Cipó
Central;Cerro Branco
Central;Colorado
Central;Cruz Alta
Central;Dilermando de Aguiar
Central;Dona Francisca
Central;Faxinal do Soturno
Central;Formigueiro
Central;Fortaleza dos Valos
Central;Ibirubá
Central;Itaara
Central;Ivorá
Central;Jaguari
Central;Jari
Central;Júlio de Castilhos
Central;Lagoa dos Três Cantos
Central;Mata
Central;Não-Me-Toque
Central;Nova Esperança do Sul
Central;Nova Palma
Central;Novo Cabrais
Central;Paraíso do Sul
Central;Pinhal Grande
Central;Quevedos
Central;Quinze de Novembro
Central;Restinga Sêca
Central;Saldanha Marinho
Central;Salto do Jacuí
Central;Santa Bárbara do Sul
Central;Santa Maria
Central;Santiago
Central;São Francisco de Assis
Central;São João do Polêsine
Central;São Martinho da Serra
Central;São Pedro do Sul
Central;São Sepé
Central;São Vicente do Sul
Central;Selbach
Central;Silveira Martins
Central;Tapera
Central;Toropi
Central;Tupanciretã
Central;Unistalda
Central;Vila Nova do Sul
Fronteira Oeste e Campanha;Aceguá
Fronteira Oeste e Campanha;Alegrete
Fronteira Oeste e Campanha;Bagé
Fronteira Oeste e Campanha;Barra do Quaraí
Fronteira Oeste e Campanha;Caçapava do Sul
Fronteira Oeste e Campanha;Candiota
Fronteira Oeste e Campanha;Dom Pedrito
Fronteira Oeste e Campanha;Hulha Negra
Fronteira Oeste e Campanha;Itacurubi
Fronteira Oeste e Campanha;Itaqui
Fronteira Oeste e Campanha;Lavras do Sul
Fronteira Oeste e Campanha;Maçambará
Fronteira Oeste e Campanha;Manoel Viana
Fronteira Oeste e Campanha;Quaraí
Fronteira Oeste e Campanha;Rosário do Sul
Fronteira Oeste e Campanha;Santa Margarida do Sul
Fronteira Oeste e Campanha;Santana do Livramento
Fronteira Oeste e Campanha;São Borja
Fronteira Oeste e Campanha;São Gabriel
Fronteira Oeste e Campanha;Uruguaiana
Metropolitana e Litoral Norte;Alto Feliz
Metropolitana e Litoral Norte;Alvorada
Metropolitana e Litoral Norte;Arambaré
Metropolitana e Litoral Norte;Araricá
Metropolitana e Litoral Norte;Arroio do Sal
Metropolitana e Litoral Norte;Arroio dos Ratos
Metropolitana e Litoral Norte;Balneário Pinhal
Metropolitana e Litoral Norte;Barão
Metropolitana e Litoral Norte;Barão do Triunfo
Metropolitana e Litoral Norte;Barra do Ribeiro
Metropolitana e Litoral Norte;Bom Princípio
Metropolitana e Litoral Norte;Brochier
Metropolitana e Litoral Norte;Butiá
Metropolitana e Litoral Norte;Cachoeirinha
Metropolitana e Litoral Norte;Campo Bom
Metropolitana e Litoral Norte;Canoas
Metropolitana e Litoral Norte;Capão da Canoa
Metropolitana e Litoral Norte;Capela de Santana
Metropolitana e Litoral Norte;Capivari do Sul
Metropolitana e Litoral Norte;Caraá
Metropolitana e Litoral Norte;Cerro Grande do Sul
Metropolitana e Litoral Norte;Charqueadas
Metropolitana e Litoral Norte;Cidreira
Metropolitana e Litoral Norte;Cristal
Metropolitana e Litoral Norte;Chuvisca
Metropolitana e Litoral Norte;Dois Irmãos
Metropolitana e Litoral Norte;Dom Feliciano
Metropolitana e Litoral Norte;Dom Pedro de Alcântara
Metropolitana e Litoral Norte;Eldorado do Sul
Metropolitana e Litoral Norte;Estância Velha
Metropolitana e Litoral Norte;Esteio
Metropolitana e Litoral Norte;Feliz
Metropolitana e Litoral Norte;Glorinha
Metropolitana e Litoral Norte;Gravataí
Metropolitana e Litoral Norte;Guaíba
Metropolitana e Litoral Norte;Harmonia
Metropolitana e Litoral Norte;Igrejinha
Metropolitana e Litoral Norte;Imbé
Metropolitana e Litoral Norte;Itati
Metropolitana e Litoral Norte;Ivoti
Metropolitana e Litoral Norte;Lindolfo Collor
Metropolitana e Litoral Norte;Linha Nova
Metropolitana e Litoral Norte;Mampituba
Metropolitana e Litoral Norte;Maquiné
Metropolitana e Litoral Norte;Maratá
Metropolitana e Litoral Norte;Mariana Pimentel
Metropolitana e Litoral Norte;Minas do Leão
Metropolitana e Litoral Norte;Montenegro
Metropolitana e Litoral Norte;Morrinhos do Sul
Metropolitana e Litoral Norte;Morro Reuter
Metropolitana e Litoral Norte;Mostardas
Metropolitana e Litoral Norte;Nova Hartz
Metropolitana e Litoral Norte;Nova Santa Rita
Metropolitana e Litoral Norte;Novo Hamburgo
Metropolitana e Litoral Norte;Osório
Metropolitana e Litoral Norte;Palmares do Sul
Metropolitana e Litoral Norte;Pareci Novo
Metropolitana e Litoral Norte;Parobé
Metropolitana e Litoral Norte;Portão
Metropolitana e Litoral Norte;Porto Alegre
Metropolitana e Litoral Norte;Presidente Lucena
Metropolitana e Litoral Norte;Riozinho
Metropolitana e Litoral Norte;Rolante
Metropolitana e Litoral Norte;Salvador do Sul
Metropolitana e Litoral Norte;Santa Maria do Herval
Metropolitana e Litoral Norte;Santo Antônio da Patrulha
Metropolitana e Litoral Norte;São Jerônimo
Metropolitana e Litoral Norte;São José do Hortêncio
Metropolitana e Litoral Norte;São José do Sul
Metropolitana e Litoral Norte;São Leopoldo
Metropolitana e Litoral Norte;São Pedro da Serra
Metropolitana e Litoral Norte;São Sebastião do Caí
Metropolitana e Litoral Norte;São Vendelino
Metropolitana e Litoral Norte;Sapiranga
Metropolitana e Litoral Norte;Sapucaia do Sul
Metropolitana e Litoral Norte;Sentinela do Sul
Metropolitana e Litoral Norte;Sertão Santana
Metropolitana e Litoral Norte;Tapes
Metropolitana e Litoral Norte;Taquara
Metropolitana e Litoral Norte;Terra de Areia
Metropolitana e Litoral Norte;Torres
Metropolitana e Litoral Norte;Três Cachoeiras
Metropolitana e Litoral Norte;Três Coroas
Metropolitana e Litoral Norte;Três Forquilhas
Metropolitana e Litoral Norte;Triunfo
Metropolitana e Litoral Norte;Tramandaí
Metropolitana e Litoral Norte;Tupandi
Metropolitana e Litoral Norte;Vale Real
Metropolitana e Litoral Norte;Viamão
Metropolitana e Litoral Norte;Xangri-lá
Noroeste e Missões;Ajuricaba
Noroeste e Missões;Alecrim
Noroeste e Missões;Alegria
Noroeste e Missões;Augusto Pestana
Noroeste e Missões;Barra do Guarita
Noroeste e Missões;Boa Vista do Buricá
Noroeste e Missões;Bom Progresso
Noroeste e Missões;Bossoroca
Noroeste e Missões;Bozano
Noroeste e Missões;Braga
Noroeste e Missões;Caibaté
Noroeste e Missões;Campina das Missões
Noroeste e Missões;Campo Novo
Noroeste e Missões;Cândido Godói
Noroeste e Missões;Catuípe
Noroeste e Missões;Cerro Largo
Noroeste e Missões;Chiapetta
Noroeste e Missões;Condor
Noroeste e Missões;Coronel Barros
Noroeste e Missões;Coronel Bicaco
Noroeste e Missões;Crissiumal
Noroeste e Missões;Derrubadas
Noroeste e Missões;Dezesseis de Novembro
Noroeste e Missões;Doutor Maurício Cardoso
Noroeste e Missões;Entre-Ijuís
Noroeste e Missões;Esperança do Sul
Noroeste e Missões;Eugênio de Castro
Noroeste e Missões;Garruchos
Noroeste e Missões;Giruá
Noroeste e Missões;Guarani das Missões
Noroeste e Missões;Horizontina
Noroeste e Missões;Humaitá
Noroeste e Missões;Ijuí
Noroeste e Missões;Independência
Noroeste e Missões;Inhacorá
Noroeste e Missões;Jóia
Noroeste e Missões;Mato Queimado
Noroeste e Missões;Miraguaí
Noroeste e Missões;Nova Candelária
Noroeste e Missões;Nova Ramada
Noroeste e Missões;Novo Machado
Noroeste e Missões;Panambi
Noroeste e Missões;Pejuçara
Noroeste e Missões;Pirapó
Noroeste e Missões;Porto Lucena
Noroeste e Missões;Porto Mauá
Noroeste e Missões;Porto Vera Cruz
Noroeste e Missões;Porto Xavier
Noroeste e Missões;Redentora
Noroeste e Missões;Rolador
Noroeste e Missões;Roque Gonzales
Noroeste e Missões;Salvador das Missões
Noroeste e Missões;Santa Rosa
Noroeste e Missões;Santo Ângelo
Noroeste e Missões;Santo Antônio das Missões
Noroeste e Missões;Santo Augusto
Noroeste e Missões;Santo Cristo
Noroeste e Missões;São José do Inhacorá
Noroeste e Missões;São Luiz Gonzaga
Noroeste e Missões;São Martinho
Noroeste e Missões;São Miguel das Missões
Noroeste e Missões;São Nicolau
Noroeste e Missões;São Paulo das Missões
Noroeste e Missões;São Pedro do Butiá
Noroeste e Missões;São Valério do Sul
Noroeste e Missões;Sede Nova
Noroeste e Missões;Senador Salgado Filho
Noroeste e Missões;Sete de Setembro
Noroeste e Missões;Tenente Portela
Noroeste e Missões;Tiradentes do Sul
Noroeste e Missões;Três de Maio
Noroeste e Missões;Três Passos
Noroeste e Missões;Tucunduva
Noroeste e Missões;Tuparendi
Noroeste e Missões;Ubiretama
Noroeste e Missões;Vista Gaúcha
Noroeste e Missões;Vitória das Missões
Produção e Norte;Água Santa
Produção e Norte;Almirante Tamandaré do Sul
Produção e Norte;Alpestre
Produção e Norte;Alto Alegre
Produção e Norte;Ametista do Sul
Produção e Norte;Aratiba
Produção e Norte;Áurea
Produção e Norte;Barão de Cotegipe
Produção e Norte;Barra do Rio Azul
Produção e Norte;Barra Funda
Produção e Norte;Barracão
Produção e Norte;Barros Cassal
Produção e Norte;Benjamin Constant do Sul
Produção e Norte;Boa Vista das Missões
Produção e Norte;Cacique Doble
Produção e Norte;Caiçara
Produção e Norte;Camargo
Produção e Norte;Campinas do Sul
Produção e Norte;Campos Borges
Produção e Norte;Chapada
Produção e Norte;Capão Bonito do Sul
Produção e Norte;Carazinho
Produção e Norte;Carlos Gomes
Produção e Norte;Casca
Produção e Norte;Caseiros
Produção e Norte;Centenário
Produção e Norte;Cerro Grande
Produção e Norte;Charrua
Produção e Norte;Ciríaco
Produção e Norte;Constantina
Produção e Norte;Coqueiros do Sul
Produção e Norte;Coxilha
Produção e Norte;Cristal do Sul
Produção e Norte;Cruzaltense
Produção e Norte;David Canabarro
Produção e Norte;Dois Irmãos das Missões
Produção e Norte;Engenho Velho
Produção e Norte;Entre Rios do Sul
Produção e Norte;Erebango
Produção e Norte;Erechim
Produção e Norte;Ernestina
Produção e Norte;Erval Grande
Produção e Norte;Erval Seco
Produção e Norte;Espumoso
Produção e Norte;Estação
Produção e Norte;Faxinalzinho
Produção e Norte;Floriano Peixoto
Produção e Norte;Fontoura Xavier
Produção e Norte;Frederico Westphalen
Produção e Norte;Gaurama
Produção e Norte;Gentil
Produção e Norte;Getúlio Vargas
Produção e Norte;Gramado dos Loureiros
Produção e Norte;Gramado Xavier
Produção e Norte;Ibiaçá
Produção e Norte;Ibiraiaras
Produção e Norte;Ibirapuitã
Produção e Norte;Ipiranga do Sul
Produção e Norte;Iraí
Produção e Norte;Itapuca
Produção e Norte;Itatiba do Sul
Produção e Norte;Jaboticaba
Produção e Norte;Jacuizinho
Produção e Norte;Jacutinga
Produção e Norte;Lagoa Vermelha
Produção e Norte;Lagoão
Produção e Norte;Lajeado do Bugre
Produção e Norte;Liberato Salzano
Produção e Norte;Machadinho
Produção e Norte;Marau
Produção e Norte;Marcelino Ramos
Produção e Norte;Mariano Moro
Produção e Norte;Mato Castelhano
Produção e Norte;Maximiliano de Almeida
Produção e Norte;Mormaço
Produção e Norte;Muliterno
Produção e Norte;Nicolau Vergueiro
Produção e Norte;Nonoai
Produção e Norte;Nova Alvorada
Produção e Norte;Nova Boa Vista
Produção e Norte;Novo Barreiro
Produção e Norte;Novo Tiradentes
Produção e Norte;Novo Xingu
Produção e Norte;Paim Filho
Produção e Norte;Palmeira das Missões
Produção e Norte;Palmitinho
Produção e Norte;Passo Fundo
Produção e Norte;Paulo Bento
Produção e Norte;Pinhal
Produção e Norte;Pinheirinho do Vale
Produção e Norte;Planalto
Produção e Norte;Pontão
Produção e Norte;Ponte Preta
Produção e Norte;Quatro Irmãos
Produção e Norte;Rio dos Índios
Produção e Norte;Rodeio Bonito
Produção e Norte;Ronda Alta
Produção e Norte;Rondinha
Produção e Norte;Sagrada Família
Produção e Norte;Sananduva
Produção e Norte;Santa Cecília do Sul
Produção e Norte;Santo Antônio do Palma
Produção e Norte;Santo Antônio do Planalto
Produção e Norte;Santo Expedito do Sul
Produção e Norte;São Domingos do Sul
Produção e Norte;São João da Urtiga
Produção e Norte;São José das Missões
Produção e Norte;São José do Herval
Produção e Norte;São José do Ouro
Produção e Norte;São Pedro das Missões
Produção e Norte;São Valentim
Produção e Norte;Sarandi
Produção e Norte;Seberi
Produção e Norte;Sertão
Produção e Norte;Severiano de Almeida
Produção e Norte;Soledade
Produção e Norte;Tapejara
Produção e Norte;Taquaruçu do Sul
Produção e Norte;Tio Hugo
Produção e Norte;Três Arroios
Produção e Norte;Três Palmeiras
Produção e Norte;Trindade do Sul
Produção e Norte;Tupanci do Sul
Produção e Norte;Vanini
Produção e Norte;Viadutos
Produção e Norte;Vicente Dutra
Produção e Norte;Victor Graeff
Produção e Norte;Vila Lângaro
Produção e Norte;Vila Maria 
Produção e Norte;Vista Alegre
Serra Gaúcha;André da Rocha
Serra Gaúcha;Antônio Prado
Serra Gaúcha;Bento Gonçalves
Serra Gaúcha;Boa Vista do Sul
Serra Gaúcha;Bom Jesus
Serra Gaúcha;Cambará do Sul
Serra Gaúcha;Campestre da Serra
Serra Gaúcha;Canela
Serra Gaúcha;Carlos Barbosa
Serra Gaúcha;Caxias do Sul
Serra Gaúcha;Coronel Pilar
Serra Gaúcha;Cotiporã
Serra Gaúcha;Esmeralda
Serra Gaúcha;Fagundes Varela
Serra Gaúcha;Farroupilha
Serra Gaúcha;Flores da Cunha
Serra Gaúcha;Garibaldi
Serra Gaúcha;Gramado
Serra Gaúcha;Guabiju
Serra Gaúcha;Guaporé
Serra Gaúcha;Ipê
Serra Gaúcha;Jaquirana
Serra Gaúcha;Montauri
Serra Gaúcha;Monte Alegre dos Campos
Serra Gaúcha;Monte Belo do Sul
Serra Gaúcha;Muitos Capões
Serra Gaúcha;Nova Araçá
Serra Gaúcha;Nova Bassano
Serra Gaúcha;Nova Pádua
Serra Gaúcha;Nova Petrópolis
Serra Gaúcha;Nova Prata
Serra Gaúcha;Nova Roma do Sul
Serra Gaúcha;Paraí
Serra Gaúcha;Picada Café
Serra Gaúcha;Pinhal da Serra
Serra Gaúcha;Pinto Bandeira
Serra Gaúcha;Protásio Alves
Serra Gaúcha;Santa Tereza
Serra Gaúcha;São Francisco de Paula
Serra Gaúcha;São Jorge
Serra Gaúcha;São José dos Ausentes
Serra Gaúcha;São Marcos
Serra Gaúcha;São Valentim do Sul
Serra Gaúcha;Serafina Corrêa
Serra Gaúcha;União da Serra
Serra Gaúcha;Vacaria
Serra Gaúcha;Veranópolis
Serra Gaúcha;Vila Flores e Vista Alegre do Prata
Sul;Amaral Ferrador
Sul;Arroio do Padre
Sul;Arroio Grande
Sul;Camaquã
Sul;Canguçu
Sul;Capão do Leão
Sul;Cerrito
Sul;Chuí
Sul;Herval
Sul;Jaguarão
Sul;Morro Redondo
Sul;Pedras Altas
Sul;Pedro Osório
Sul;Pelotas
Sul;Pinheiro Machado
Sul;Piratini
Sul;Rio Grande
Sul;Santa Vitória do Palmar
Sul;Santana da Boa Vista
Sul;São José do Norte
Sul;São Lourenço do Sul
Sul;Tavares
Sul;Turuçu
Vales;Anta Gorda
Vales;Arroio do Meio
Vales;Arroio do Tigre
Vales;Arvorezinha
Vales;Bom Retiro do Sul
Vales;Boqueirão do Leão
Vales;Candelária
Vales;Canudos do Vale
Vales;Capitão
Vales;Colinas
Vales;Coqueiro Baixo
Vales;Cruzeiro do Sul
Vales;Dois Lajeados
Vales;Doutor Ricardo
Vales;Encantado
Vales;Encruzilhada do Sul
Vales;Estrela
Vales;Estrela Velha
Vales;Fazenda Vilanova
Vales;Forquetinha
Vales;General Câmara
Vales;Herveiras
Vales;Ibarama
Vales;Ilópolis
Vales;Imigrante
Vales;Lagoa Bonita do Sul
Vales;Lajeado
Vales;Marques de Souza
Vales;Mato Leitão
Vales;Muçum
Vales;Nova Bréscia
Vales;Pantano Grande
Vales;Passa Sete
Vales;Passo do Sobrado
Vales;Paverama
Vales;Poço das Antas
Vales;Pouso Novo
Vales;Progresso
Vales;Putinga
Vales;Relvado
Vales;Rio Pardo
Vales;Roca Sales
Vales;Santa Clara do Sul
Vales;Santa Cruz do Sul
Vales;Segredo
Vales;Sério
Vales;Sinimbu
Vales;Sobradinho
Vales;Tabaí
Vales;Taquari
Vales;Teutônia
Vales;Travesseiro
Vales;Tunas
Vales;Vale do Sol
Vales;Vale Verde
Vales;Venâncio Aires
Vales;Vera Cruz
Vales;Vespasiano Corrêa
Vales;Westfália